ID,Species,prob,Antigen,Loc,Description,Seq
Q8DMY4,Streptococcus pneumoniae,0.9030119206989852,,extracellular space,tr|Q8DMY4|Q8DMY4_STRR6 General stress protein GSP-781 OS=Streptococcus pneumoniae (strain ATCC BAA-255 / R6) OX=171101 GN=gsp-781 PE=4 SV=1,MKKKILASLLLSTVMVSQVAVLTTAHAETTDDKIAAQDNKISNLTAQQQEAQKQVDQIQEQVSAIQAEQSNLQAENDRLQAESKKLEGEITELSKNIVSRNQSLEKQARSAQTNGAVTSYINTIVNSKSITEAISRVAAMSEIVSANNKMLEQQKADKKAISEKQVANNDAINTVIANQQKLADDAQALTTKQAELKAAELSLAAEKATAEGEKASLLEQKAAAEAEARAAAVAEAAYKEKRASQQQSVLASANTNLTAQVQAVSESAAAPVRAKVRPTYSTNASSYPIGECTWGVKTLAPWAGDYWGNGAQWATSAAAAGFRTGSTPQVGAIACWNDGGYGHVAVVTAVESTTRIQVSESNYAGNRTIGNHRGWFNPTTTSEGFVTYIYAD
Q8DR61,Streptococcus pneumoniae,0.8984362343091796,,extracellular space,tr|Q8DR61|Q8DR61_STRR6 ABC transporter substrate-binding protein-oligopeptide transport OS=Streptococcus pneumoniae (strain ATCC BAA-255 / R6) OX=171101 GN=aliA PE=3 SV=1,MKSSKLLALAGVTLLAATTLAACSGSGSSAKGEKTFSYIYETDPDNLNYLTTAKAATANITSNVVDGLLENDRYGNFVPSMAEDWSVSKDGLTYTYTIRKDAKWYTSEGEEYAAVKAQDFVTGLKYAADKKSDALYLVQESIKGLDAYVKGEIKDFSQVGIKALDEQTVQYTLNKPESFWNSKTTMGVLAPVNEEFLNSKGDDFAKATDPSSLLYNGPYLLKSIVTKSSVEFAKNPNYWDKDNVHIDKVKLSFWDGQDTSKPAENFKDGSLTAARLYPTSASFAELEKSMKDNIVYTQQDSITYLVGTNIDRQSYKYTSKTSDEQKASTKKALLNKDFRQAIAFGFDRTAYASQLNGQTGASKILRNLFVPPTFVQADGKNFGDMVKEKLVTYGDEWKDVNLADSQDGLYNPEKAKAEFAKAKSALQAEGVTFPIHLDMPVDQTATTKVQRVQSMKQSLEATLGADNVIIDIQQLQKDEVNNITYFAENAAGEDWDLSDNVGWGPDFADPSTYLDIIKPSVGESTKTYLGFDSGEDNVAAKKVGLYDYEKLVTEAGDETTDVAKRYDKYAAAQAWLTDSALIIPTTSRTGRPILSKMVPFTIPFALSGNKGTSEPVLYKYLELQDKAVTVDEYQKAQEKWMKEKEESNKKAQEDLAKHVK
Q8DNI1,Streptococcus pneumoniae,0.8976267081700076,,extracellular space,tr|Q8DNI1|Q8DNI1_STRR6 ABC transporter substrate-binding protein-oligopeptide transport OS=Streptococcus pneumoniae (strain ATCC BAA-255 / R6) OX=171101 GN=amiA PE=3 SV=1,MKKNRVFATAGLVLLAAGVLAACSSSKSSDSSAPKAYGYVYTADPETLDYLISRKNSTTVVTSNGIDGLFTNDNYGNLAPAVAEDWEVSKDGLTYTYKIRKGVKWFTSDGEEYAEVTAKDFVNGLKHAADKKSEAMYLAENSVKGLADYLSGTSTDFSTVGVKAVDDYTLQYTLNQPEPFWNSKLTYSIFWPLNEEFETSKGSDFAKPTDPTSLLYNGPFLLKGLTAKSSVEFVKNEQYWDKENVHLDTINLAYYDGSDQESLERNFTSGAYSYARLYPTSSNYSKVAEEYKDNIYYTQSGSGIAGLGVNIDRQSYNYTSKTTDSEKVATKKALLNKDFRQALNFALDRSAYSAQINGKDGAALAVRNLFVKPDFVSAGEKTFGDLVAAQLPAYGDEWKGVNLADGQDGLFNADKAKAEFAKAKKALEADGVQFPIHLDVPVDQASKNYISRIQSFKQSVETVLGVENVVVDIQQMTSDEFLNITYYAANASSEDWDVSGGVSWGPDYQDPSTYLDILKTTSSETTKTYLGFDNPNSPSVVQVGLKEYDKLVDEAAKETSDLNVRYEKYAAAQAWLTDSSLFIPAMASSGAAPVLSRIVPFTGASAQTGSKGSDVYFKYLKLQDKAVTKEEYEKAREKWLKEKAESNEKAQKELASHVK
Q59947,Streptococcus pneumoniae,0.8975403267858862,,extracellular space,sp|Q59947|IGA1_STRR6 Immunoglobulin A1 protease OS=Streptococcus pneumoniae (strain ATCC BAA-255 / R6) OX=171101 GN=iga PE=1 SV=2,MEKYFGEKQERFSFRKLSVGLVSATISSLFFMSVLASSSVDAQETAGVHYKYVADSELSSEEKKQLVYDIPTYVENDDETYYLVYKLNSQNQLAELPNTGSKNERQALVAGASLAALGILIFAVSKKKVKNKTVLHLVLVAGMGNGVLVSVHALENHLLLNYNTDYELTSGEKLPLPKEISGYTYIGYIKEGKTTSDFEVSNQEKSAATPTKQQKVDYNVTPNFVDHPSTVQAIQEQTPVSSTKPTEVQVVEKPFSTELINPRKEEKQSSDSQEQLAEHKNLETKKEEKISPKEKTGVNTLNPQDEVLSGQLNKPELLYREETIETKIDFQEEIQENPDLAEGTVRVKQEGKLGKKVEIVRIFSVNKEEVSREIVSTSTTAPSPRIVEKGTKKTQVIKEQPETGVEHKDVQSGAIVEPAIQPELPEAVVSDKGEPEVQPTLPEAVVTDKGETEVQPESPDTVVSDKGEPEQVAPLPEYKGNIEQVKPETPVEKTKEQGPEKTEEVPVKPTEETPVNPNEGTTEGTSIQEAENPVQPAEESTTNSEKVSPDTSSENTGEVSSNPSDSTTSVGESNKPEHNDSKNENSEKTVEEVPVNPNEGTVEGTSNQETEKPVQPAEETQTNSGKIANENTGEVSNKPSDSKPPVEESNQPEKNGTATKPENSGNTTSENGQTEPEKKLELRNVSDIELYSQTNGTYRQHVSLDGIPENTDTYFVKVKSSAFKDVYIPVASITEEKRNGQSVYKITAKAEKLQQELENKYVDNFTFYLDKKAKEENTNFTSFSNLVKAINQNPSGTYHLAASLNANEVELGPDERSYIKDTFTGRLIGEKDGKNYAIYNLKKPLFENLSGATVEKLSLKNVAISGKNDIGSLANEATNGTKIKQVHVDGVLAGERGVGGLLAKADQSSIAESSFKGRIVNTYETTDAYNIGGLVGHLTGKNASIAKSKATVTISSNTNRSDQTVGGLAGLVDQDAHIQNSYAEGDINNVKHFGKVAGVAGYLWDRTSGEEKHAGELTNVLSDVNVTNGNAITGYHYTGMKVANTFSSKANRVFNVTLEKDEVVSKESFEERGTMLDASQIVSKKAEINPLTLPTVEPLSTSGKKDSDFSKIAHYQANRALVYKNIEKLLPFYNKSTIVKYGNLVKENSLLYQKELLSAVMMKDDQVITDIVSNKQTANKLLLHYNDHSSEKFDLKYQTDFANLAEYNLGNTGLLYTPNQFLYDRDSIVKEVLPELQKLDYQSDAIRKTLGISPEVKLTELYLEDQFSKTKQNLGDSLKKLLSADAGLASDNSVTRGYLVDKIKNNKEALLLGLTYLERWYNFNYGQVNVKDLVMYHPDFFGKGNTSPLDTLIELGKSGFNNLLAKNNVDTYGISLASQHGATDLFSTLEHYRKVFLPNTSNNDWFKSETKAYIVEEKSTIEEVKTKQGLAGTKYSIGVYDRITSATWKYRNMVLPLLTLPERSVFVISTMSSLGFGAYDRYRSSDHKAGKALNDFVEENARETAKRQRDHYDYWYRILDEQSREKLYRTILLYDAYKFGDDTTSGKATAEAKFDSSNPAMKNFFGPVGNKVVHNQHGAYATGDGVYYMSYRMLDKDGAITYTHEMTHDSDQDIYLGGYGRRNGLGPEFFAKGLLQAPDQPSDATITINSILKHSKSDSTEGSRLQVLDPTERFQNAADLQNYVHNMFDLIYMMEYLEGQSIVNKLSVYQKMAALRKIENKYVKDPADGNEVYATNVVKELTEAEARNLNSFESLIDHNILSAREYQSGDYERNGYYTIKLFAPIYSALSSEKGTPGDLMGRRIAYELLAAKGFKDGMVPYISNQYEEDAKQQGQTINLYGKERGLVTDELVLKKVFDGKYKTWAEFKTAMYQERVDQFGNLKQVTFKDPTKPWPSYGTKTINNVDELQALMDQAVLKDAEGPRWSNYDPEIDSAVHKLKRAIFKAYLDQTNDFRSSIFENKK
Q8DRL6,Streptococcus pneumoniae,0.8952164661641606,,extracellular space,tr|Q8DRL6|Q8DRL6_STRR6 Beta-N-acetylhexosaminidase OS=Streptococcus pneumoniae (strain ATCC BAA-255 / R6) OX=171101 GN=strH PE=1 SV=1,MKHEKQQRFSIRKYAVGAASVLIGFAFQAQTVAADGVTPTTTENQPTIHTVSDSPQSSENRTEETPKAELQPEAPKTVETETPATDKVASLPKTEEKPQEEVSSTPSDKAEVVTPTSAEKETANKKEEEASPKKEEAKEVDSKESNTDKTDKDKPAKKDEAKAEADKPETETGKERAATVNEKLAKKKIVSIDAGRKYFSPEQLKEIIDKAKHYGYTDLHLLVGNDGLRFMLDDMSITANGKTYASDDVKRAIEKGTNDYYNDPNGNHLTESQMTDLINYAKDKGIGLIPTVNSPGHMDAILNAMKELGIQNPNFSYFGKKSARTVDLDNEQAVAFTKALIDKYAAYFAKKTEIFNIGLDEYANDATDAKGWSVLQADKYYPNEGYPVKGYEKFIAYANDLARIVKSHGLKPMAFNDGIYYNSDTSFGSFDKDIIVSMWTGGWGGYDVASSKLLAEKGHQILNTNDAWCYVLGRNADGQGWYNLDQGLNGIKNTPITSVPKTEGADIPIIGGMVAAWADTPSARYSPSHLFKLMRHFANANAEYFAADYESAEQALNEVPKDLNRYTAESVAAVKEAEKAIRSLDSNLSRAQQDTIDQAIAKLQETVNNLTLTPEAQKEEEAKREVEKLAKNKVISIDAGRKYFTLDQLKRIVDKASELGYSDVHLLLGNDGLRFLLNDMTITANGKTYASDDVKKAIIEGTKAYYDDPNGTALTQAEVTELIEYAKSKDIGLIPAINSPGHMDAMLVAMEKLGIKNPQAHFDKVSKTTMDLKNEEAMNFVKALIGKYMDFFAGKTKIFNFGTDEYANDATSAQGWYYLKWYQLYGKFAEYANTLAAMAKERGLQPMAFNDGFYYEDKDDVQFDKDVLISYWSKGWWGYNLASPQYLASKGYKFLNTNGDWYYVIGNHKQDEAYPLSKAVENSGKVPFNQLASTKYPEVDLPTVGSMLSIWADRPSAEYKEEEIFELMTAFADHNKDYFRANYNALREELAKIPTNLEGYSKESLEALDAAKTALNYNLNRNKQAELDTLVANLKAALQGLKPAATHSGSLDENEVAANVETRPELITRTEEIPFEVIKKENPNLPAGQENIITAGVKGERTHYISVLTENGKTTETVLDSQVTKEVINQVVEVGSPVTHKGDESGLAPTTEVKPRLDIQEEEIPFTTVTRENPLLLKGKTQVITKGVNGHRSNFYSVSTSADGKEVKTLVNSVVAQEAVTQIVEVGTMVTHVGDENGQAAIAEEKPKLEIPSQPAPSTAPAEESKALPQDPAPVVTEKKLPETGTHDSAELVVAGLMSTLAAYGLTKRKED
P0A4G1,Streptococcus pneumoniae,0.8946604804844803,,extracellular space,sp|P0A4G1|ALIB_STRR6 Oligopeptide-binding protein AliB OS=Streptococcus pneumoniae (strain ATCC BAA-255 / R6) OX=171101 GN=aliB PE=3 SV=1,MKKSKSKYLTLAGLVLGTGVLLSACGNSSTASKTYNYVYSSDPSSLNYLAENRAATSDIVANLVDGLLENDQYGNIIPSLAEDWTVSQDGLTYTYKLRKDAKWFTSEGEEYAPVTAQDFVTGLQYAADKKSEALYLVQDSVAGLDDYITGKTSDFSTVGVKALDDQTVQYTLVKPELYWNSKTLATILFPVNADFLKSKGDDFGKADPSSILYNGPFLMKALVSKSAIEYKKNPNYWDAKNVFVDDVKLTYYDGSDQESLERNFTAGAYTTARLFPNSSSYEGIKEKYKNNIIYSMQNSTSYFFNFNLDRKSYNYTSKTSDIEKKSTQEAVLNKNFRQAINFAFDRTSYGAQSEGKEGATKILRNLVVPPNFVSIKGKDFGEVVASKMVNYGKEWQGINFADGQDPYYNPEKAKAKFAEAKKELEAKGVQFPIHLDKTVEVTDKVGIQGVSSIKQSIESVLGSDNVVIDIQQLTSDEFDSSGYFAQTAAQKDYDLYHGGWGPDYQDPSTYLDIFNTNSGGFLQNLGLEPGEANDKAKAVGLDVYTQMLEEANKEQDPAKRYEKYADIQAWLIDSSLVLPSVSRGGTPSLRRTVPFAAAYGLTGTKGVESYKYLKVQDKIVTTDEYAKAREKWLKEKEESNKKAQEELAKHVK
Q8DRI0,Streptococcus pneumoniae,0.894330434955935,,extracellular space,tr|Q8DRI0|Q8DRI0_STRR6 Surface protein pspA OS=Streptococcus pneumoniae (strain ATCC BAA-255 / R6) OX=171101 GN=pspA PE=4 SV=1,MNKKKMILTSLASVAILGAGFVASQPTVVRAEESPVASQSKAEKDYDAAKKDAKNAKKAVEDAQKALDDAKAAQKKYDEDQKKTEEKAALEKAASEEMDKAVAAVQQAYLAYQQATDKAAKDAADKMIDEAKKREEEAKTKFNTVRAMVVPEPEQLAETKKKSEEAKQKAPELTKKLEEAKAKLEEAEKKATEAKQKVDAEEVAPQAKIAELENQVHRLEQELKEIDESESEDYAKEGFRAPLQSKLDAKKAKLSKLEELSDKIDELDAEIAKLEDQLKAAEENNNVEDYFKEGLEKTIAAKKAELEKTEADLKKAVNEPEKPAPAPETPAPEAPAEQPKPAPAPQPAPAPKPEKPAEQPKPEKTDDQQAEEDYARRSEEEYNRLTQQQPPKAEKPAPAPKTGWKQENGMWYFYNTDGSMATGWLQNNGSWYYLNSNGAMATGWLQYNGSWYYLNANGAMATGWAKVNGSWYYLNANGAMATGWLQYNGSWYYLNANGAMATGWAKVNGSWYYLNANGAMATGWLQYNGSWYYLNANGAMATGWAKVNGSWYYLNANGAMATGWVKDGDTWYYLEASGAMKASQWFKVSDKWYYVNGLGALAVNTTVDGYKVNANGEWV
P59214,Streptococcus pneumoniae,0.8887897713664054,,extracellular space,sp|P59214|MALX_STRR6 Maltooligosaccharide ABC transporter solute-binding lipoprotein OS=Streptococcus pneumoniae (strain ATCC BAA-255 / R6) OX=171101 GN=malX PE=2 SV=1,MSSKFMKSTAVLGTVTLASLLLVACGSKTADKPADSGSSEVKELTVYVDEGYKSYIEEVAKAYEKEAGVKVTLKTGDALGGLDKLSLDNQSGNVPDVMMAPYDRVGSLGSDGQLSEVKLSDGAKTDDTTKSLVTAANGKVYGAPAVIESLVMYYNKDLVKDAPKTFADLENLAKDSKYAFAGEDGKTTAFLADWTNFYYTYGLLAGNGAYVFGQNGKDAKDIGLANDGSIAGINYAKSWYEKWPKGMQDTEGAGNLIQTQFQEGKTAAIIDGPWKAQAFKDAKVNYGVATIPTLPNGKEYAAFGGGKAWVIPQAVKNLEASQKFVDFLVATEQQKVLYDKTNEIPANTEARSYAEGKNDELTTAVIKQFKNTQPLPNISQMSAVWDPAKNMLFDAVSGQKDAKTAANDAVTLIKETIKQKFGE
Q8DN78,Streptococcus pneumoniae,0.888151848066959,,extracellular space,tr|Q8DN78|Q8DN78_STRR6 LysM domain-containing protein OS=Streptococcus pneumoniae (strain ATCC BAA-255 / R6) OX=171101 GN=spr1875 PE=4 SV=1,MKKRMLLASTVALSFAPVLATQAEEVLWTARSVEQIQNDLTKTDNKTSYTVQYGDTLSTIAEALGVDVTVLANLNKITNMDLIFPETVLTTTVNEAEEVTEVEIQTPQADSSEEVTTATADLTTNQVTVDDQTVQVADLSQPIAEAPKEVASSSEVTKTVIASEEVAPSTGTSVPEEQTAETSSAVAEEAPQETTPAEKQETQTSPQAASAVEATTTSSEAKEVASSNGATAAVSTYQPEETKIISTTYEAPAAPDYAGLAVAKSENAGLQPQTAAFKEEIANLFGITSFSGYRPGDSGDHGKGLAIDFMVPERSELGDKIAEYAIQNMASRGISYIIWKQRFYAPFDSKYGPANTWNPMPDRGSVTENHYDHVHVSMNG
Q8DR60,Streptococcus pneumoniae,0.8867379278685951,,extracellular space,sp|Q8DR60|GH101_STRR6 Endo-alpha-N-acetylgalactosaminidase OS=Streptococcus pneumoniae (strain ATCC BAA-255 / R6) OX=171101 GN=spr0328 PE=1 SV=1,MNKGLFEKRCKYSIRKFSLGVASVMIGATFFGTSPVLADSVQSGSTANLPADLATALATAKENDGHDFEAPKVGEDQGSPEVTDGPKTEEELLALEKEKPAEEKPKEDKPAAAKPETPKTVTPEWQTVEKKEQQGTVTIREEKGVRYNQLSSTAQNDNAGKPALFEKKGLTVDANGNATVDLTFKDDSEKGKSRFGVFLKFKDTKNNVFVGYDKDGWFWEYKSPTTSTWYRGSRVAAPETGSTNRLSITLKSDGQLNASNNDVNLFDTVTLPAAVNDHLKNEKKILLKAGSYDDERTVVSVKTDNQEGVKTEDTPAEKETGPEVDDSKVTYDTIQSKVLKAVIDQAFPRVKEYSLNGHTLPGQVQQFNQVFINNHRITPEVTYKKINETTAEYLMKLRDDAHLINAEMTVRLQVVDNQLHFDVTKIVNHNQVTPGQKIDDERKLLSSISFLGNALVSVSSDQTGAKFDGATMSNNTHVSGDDHIDVTNPMKDLAKGYMYGFVSTDKLAAGVWSNSQNSYGGGSNDWTRLTAYKETVGNANYVGIHSSEWQWEKAYKGIVFPEYTKELPSAKVVITEDANADKKVDWQDGAIAYRSIMNNPQGWKKVKDITAYRIAMNFGSQAQNPFLMTLDGIKKINLHTDGLGQGVLLKGYGSEGHDSGHLNYADIGKRIGGVEDFKTLIEKAKKYGAHLGIHVNASETYPESKYFNEKILRKNPDGSYSYGWNWLDQGINIDAAYDLAHGRLARWEDLKKKLGDGLDFIYVDVWGNGQSGDNGAWATHVLAKEINKQGWRFAIEWGHGGEYDSTFHHWAADLTYGGYTNKGINSAITRFIRNHQKDAWVGDYRSYGGAANYPLLGGYSMKDFEGWQGRSDYNGYVTNLFAHDVMTKYFQHFTVSKWENGTPVTMTDNGSTYKWTPEMRVELVDADNNKVVVTRKSNDVNSPQYRERTVTLNGRVIQDGSAYLTPWNWDANGKKLSTDKEKMYYFNTQAGATTWTLPSDWAKSKVYLYKLTDQGKTEEQELTVKDGKITLDLLANQPYVLYRSKQTNPEMSWSEGMHIYDQGFNSGTLKHWTISGDASKAEIVKSQGANDMLRIQGNKEKVSLTQKLTGLKPNTKYAVYVGVDNRSNAKASITVNTGEKEVTTYTNKSLALNYVKAYAHNTRRNNATVDDTSYFQNMYAFFTTGSDVSNVTLTLSREAGDEATYFDEIRTFENNSSMYGDKHDTGKGTFKQDFENVAQGIFPFVVGGVEGVEDNRTHLSEKHDPYTQRGWNGKKVDDVIEGNWSLKTNGLVSRRNLVYQTIPQNFRFEAGKTYRVTFEYEAGSDNTYAFVVGKGEFQSGRRGTQASNLEMHELPNTWTDSKKAKKATFLVTGAETGDTWVGIYSTGNASNTRGDSGGNANFRGYNDFMMDNLQIEEITLTGKMLTENALKNYLPTVAMTNYTKESMDALKEAVFNLSQADDDISVEEARAEIAKIEALKNALVQKKTALVADDFASLTAPAQAQEGLANAFDGNLSSLWHTSWGGGDVGKPATMVLKEATEITGLRYVPRGSGSNGNLRDVKLVVTDESGKEHTFTATDWPDNNKPKDIDFGKTIKAKKIVLTGTKTYGDGGDKYQSAAELIFTRPQVAETPLDLSGYEAALAKAQKLTDKDNQEEVASVQASMKYATDNHLLTERMVEYFADYLNQLKDSATKPDAPTVEKPEFKLSSVASDQGKTPDYKQEIARPETPEQILPATGESQFDTALFLASVSLALSALFVVKTKKD
Q8DQ24,Streptococcus pneumoniae,0.8839377541025788,,extracellular space,sp|Q8DQ24|PRSA_STRR6 Foldase protein PrsA OS=Streptococcus pneumoniae (strain ATCC BAA-255 / R6) OX=171101 GN=prsA PE=3 SV=1,MKKKLLAGAITLLSVATLAACSKGSEGADLISMKGDVITEHQFYEQVKNNPSAQQVLLNMTIQKVFEKQYGSELDDKEVDDTIAEEKKQYGENYQRVLSQAGMTLETRKAQIRTSKLVELAVKKVAEAELTDEAYKKAFDEYTPDVTAQIIRLNNEDKAKEVLEKAKAEGADFAQLAKDNSTDEKTKENGGEITFDSASTEVPEQVKKAAFALDVDGVSDVITATGTQAYSSQYYIVKLTKKTEKSSNIDDYKEKLKTVILTQKQNDSTFVQSIIGKELQAANIKVKDQAFQNIFTQYIGGGDSSSSSSTSNE
Q8DN05,Streptococcus pneumoniae,0.8834949018735555,True,extracellular space,tr|Q8DN05|Q8DN05_STRR6 Choline binding protein A OS=Streptococcus pneumoniae (strain ATCC BAA-255 / R6) OX=171101 GN=pspC PE=4 SV=1,MFASKSERKVHYSIRKFSIGVASVAVASLVMGSVVHATENEGSTQAATSSNMAKTEHRKAAKQVVDEYIEKMLREIQLDRRKHTQNVALNIKLSAIKTKYLRELNVLEEKSKDELPSEIKAKLDAAFEKFKKDTLKPGEKVAEAKKKVEEAKKKAEDQKEEDRRNYPTNTYKTLELEIAEFDVKVKEAELELVKEEAKESRNEGTIKQAKEKVESKKAEATRLENIKTDRKKAEEEAKRKADAKLKEANVATSDQGKPKGRAKRGVPGELATPDKKENDAKSSDSSVGEETLPSSSLKSGKKVAEAEKKVEEAEKKAKDQKEEDRRNYPTNTYKTLDLEIAESDVKVKEAELELVKEEAKEPRDEEKIKQAKAKVESKKAEATRLENIKTDRKKAEEEAKRKAAEEDKVKEKPAEQPQPAPATQPEKPAPKPEKPAEQPKAEKTDDQQAEEDYARRSEEEYNRLTQQQPPKTEKPAQPSTPKTGWKQENGMWYFYNTDGSMATGWLQNNGSWYYLNANGAMATGWLQNNGSWYYLNANGSMATGWLQNNGSWYYLNANGAMATGWLQYNGSWYYLNSNGAMATGWLQYNGSWYYLNANGDMATGWLQNNGSWYYLNANGDMATGWLQYNGSWYYLNANGDMATGWVKDGDTWYYLEASGAMKASQWFKVSDKWYYVNGSGALAVNTTVDGYGVNANGEWVN
Q8DPY8,Streptococcus pneumoniae,0.8744398795734968,,extracellular space,tr|Q8DPY8|Q8DPY8_STRR6 Uncharacterized protein OS=Streptococcus pneumoniae (strain ATCC BAA-255 / R6) OX=171101 GN=spr0931 PE=4 SV=1,MRKKLFLTSAAILWAVTAMNSVHAATDVQKVIDETYVQPEYVLGSSLSEDQKNQTLKKLGYNASTDTKELKTMTPDVYSKIMNVANDSSLQLYSSAKIQKLGDKSPLEVKIETPENITKVTQDMYRNAAVTLGVEHAKITVAAPIPVTGESALAGIYYSLEANGAKVPQANKDLAQEELKALSDINAENKDKSGYDANKLNVALADIKSGLAKAKESKGNLTEEDIRKIVEDTLKNYKLDQVITGNQINIIINFALNLSKSDILSNADFTKTLNDLKQSIVSQAGDSFKNINLNFDSDKALEDGGNFLSSLWQALVNFFKSFGS
Q8DQF9,Streptococcus pneumoniae,0.8742746453058935,,extracellular space,tr|Q8DQF9|Q8DQF9_STRR6 HlyD_D23 domain-containing protein OS=Streptococcus pneumoniae (strain ATCC BAA-255 / R6) OX=171101 GN=spr0693 PE=3 SV=1,MKKKNGKAKKWQLYAAIGAASVVVLGAGGILLFRQPSQTALKDEPTHLVVAKEGSVASSVLLSGTVTAKNEQYVYFDASKGDLDEILVSVGDKVSEGQALVKYSSSEAQAAYDSASRAVARADRHINELNQARNEAASAPAPQLPAPVGGEDATVQSPTPVAGNSVASIDAQLGDARDARADAAAQLSKAQSQLDATTVLSTLEGTVVEVNSNVSKSPTGASQVMVHIVSNENLQVKGELSEYNLANLSVGQEVSFTSKVYPDKKWTGKLSYISDYPKNNGEAASPAAGNNTGSKYPYTIDVTGEVGDLKQGFSVNIEVKSKTKAILVPVSSLVMDDSKNYVWIVDEQQKAKKVEVSLGNADAENQEITSGLTNGAKVISNPTSSLEEGKEVKTDEATN
Q8CZ52,Streptococcus pneumoniae,0.8737897921974561,,extracellular space,tr|Q8CZ52|Q8CZ52_STRR6 Uncharacterized protein OS=Streptococcus pneumoniae (strain ATCC BAA-255 / R6) OX=171101 GN=spr0440 PE=1 SV=1,MKNPFFERRCRYSIRKLSVGACSLMIGAVLFAGPALAEETAVPENSGANTELVSGESEHSTNEADKQNEGEHARENKLEKAEGVATASETASPASNEAATTETAEAASAAKPEEKASEVVAETPSAEAKPKSDKETEAKPEATNQGDESKPAAEANKTEKEVQPDVPKNTEKTLKPKEIKFNSWEELLKWEPGAREDDAINRGSVVLASRRTGHLVNEKASKEAKVQALSNTNSKAKDHASVGGEEFKAYAFDYWQYLDSMVFWEGLVPTPDVIDAGHRNGVPVYGTLFFNWSNSIADQERFAEALKQDADGSFPIARKLVDMAKYYGYDGYFINQETTGDLVKPLGEKMRQFMLYSKEYAAKVNHPIKYSWYDAMTYNYGRYHQDGLGEYNYQFMQPEGDKVPADNFFANFNWDKAKNDYTIATANWIGRNPYDVFAGLELQQGGSYKTKVKWNDILDENGKLRLSLGLFAPDTITSLGKTGEDYHKNEDIFFTGYQGDPTGQKPGDKDWYGIANLVADRTPAVGNTFTTSFNTGHGKKWFVDGKVSKDSEWNYRSVSGVLPTWRWWQTSTGEKLRAEYDFTDAYNGGNSLKFSGDVAGKTDQDVRLYSTKLEVTEKTKLRVAHKGGKGSKVYMAFSTTPDYKFDDADAWKELTLSDNWTNEEFDLSSLAGKTIYAVKLFFEHEGAVKDYQFNLGQLTISDNHQEPQSPTSFSVVKQSLKNAQEAEAVVQFKGNKDADFYEVYEKDGDSWKLLTGSSSTTIYLPKVSRSASAQGTTQELKVVAVGKNGVRSEAATTTFDWGMTVKDTSLPKPLAENIVPGATVIDSTFPKTEGGEGIEGMLNGTITSLSDKWSSAQLSGSVDIRLTKSRTVVRWVMDHAGAGGESVNDGLMNTKDFDLYYKDADGEWKLAKEVRGNKAHVTDITLDKPITAQDWRLNVVTSDNGTPWKAIRIYNWKMYEKLDTESVNIPMAKAAARSLGNNKVQVGFADVPAGATITVYDNPNSQTPLATLKSEVGGDLASAPLDLTNQSGLLYYRTQLPGKEISNVLAVSVPKDDRRIKSVSLETGPKKTSYAEGEDLDLRGGVLRVQYEGGTEDELIRLTHAGVSVSGFDTHHKGEQNLTLQYLGQPVNANLSVTVTGQDEASPKTILGIEVSQEPKKDYLVGDSLDLSEGRFAVAYSNDTMEEHSFTDEGVEISGYDAQKTGRQTLTLRYQGHEVNFDVLVSPKAALNDEYLKQKLAEVEAAKNKVVYNFASPEVKEAFLKAIEAAEQVLKDHETSTQDQVNDRLNKLTEAHKALNGQEKFTEEKTELDRLTGEAQELLAAKPNHPSGSALAPLLEKNKALVEKVDLSPEELATAKQSLKDLVALLKEDKSAVFSDSKTGVEVHFSNKEKTVIKGLKVERVQASAEEKKYFAGEDAHVFEIEGLDEKGQDVDLSYASIVKIPIEKDKKVKKVFFLPEGKGAVELAFEQTDSHVIFTAPHFTHYAFVYESAEKPQPAKPAPQNKVLPKPTYQPASDQQKAPKLEVQEEKVAFHRQEHENTEMLVGEQRVIIQGRDGLLRHVFEVDEKGQRRLRSTEVIQEAIPEIVEIGTKVKTVPAVVATQEKPAQNTAVKSEEASKQLPNTGTADANEALIAGLASLGLASLALTLRRKREDKD
Q8DRK2,Streptococcus pneumoniae,0.8735577742885778,,extracellular space,tr|Q8DRK2|Q8DRK2_STRR6 GRAM_POS_ANCHORING domain-containing protein OS=Streptococcus pneumoniae (strain ATCC BAA-255 / R6) OX=171101 GN=spr0075 PE=4 SV=1,MKFNPNQRYTRWSIRRLSVGVASVVVASGFFVLVGQPSSVRADVVNPTPGQVLPEETSGTKEGDLSEKPGDTVLTQAKPEGVTGNTNSLPTPTERTEVSEETNSSSLDTLFEKDEEAQKNPELTDVLKETVDTADVDGTQASPAETTPEQVKGGVKENTKDSIDVPAAYLEKAEGKGPFTAGVNQVIPYELFAGDGMLTRLLLKASDNAPWSDNGTAKNPALPPLEGLTKGKYFYEVDLNGNTVGKQGQALIDQLRANGTQTYKATVKVYGNKDGKADLTNLVATKNVDININGLVAKETVEKAVADNVKDSIDVPAAYLEKAKGEGPFTAGVNHVIPYELFAGDGMLTRLLLKASDKAPWSDNGDAKNPALSPLGENVKTKGQYFYQVALDGNVAGKEKQALIDQFRANGTQTYSATVNVYGNKDGKPDLDNIVATKKVTININGLISKETVQKAVADNVKDSIDVPAAYLEKAKGEGPFTAGVNHVIPYELFAGDGMLTRLLLKASDKAPWSDNGDAKNPALSPLGENVKTKGQYFYQVALDGNVAGKEKQALIDQFRANGTQTYSATVNVYGNKDGKPDLDNIVATKKVTININGLISKETVQKAVADNVKDSIDVPAAYLEKAKGEGPFTAGVNHVIPYELFAGDGMLTRLLLKASDKAPWSDNGDAKNPALSPLGENVKTKGQYFYQVALDGNVAGKEKQALIDQFRANGTQTYSATVNVYGNKDGKPDLDNIVATKKVTININGLISKETVQKAVADNVKDSIDVPAAYLEKAKGEGPFTAGVNHVIPYELFAGGGMLTRLLLKASDKAPWSDNGDAKNPALSPLGENVKTKGQYFYQLALDGNVAGKEKQALIDQFRANGTQTYSATVNVYGNKDGKPDLDNIVATKKVTININGLISKETVEKAVADNVKDSIDVPAAYLEKAKGEGPFTAGVNHVIPYELFAGDGMLTRLLLKASDKAPWSDNGDAKNPALSPLGENVKTKGQYFYQLALDGNVAGKEKQALIDQFRANGTQTYSATVNVYGNKDGKPDLDNIVATKKVTIKINVKETSDTANGSLSPSNSGSGVTPMNHNHATGTTDSMPADTMTSSTNTMAGENMAASANKMSDTMMSEDKAMLPNTGETQTSMASIGFLGLALAGLLGGLGLKNKKEEN
Q8CZB7,Streptococcus pneumoniae,0.8716702809827998,,extracellular space,tr|Q8CZB7|Q8CZB7_STRR6 LysM domain-containing protein OS=Streptococcus pneumoniae (strain ATCC BAA-255 / R6) OX=171101 GN=spr0096 PE=4 SV=1,MKSITKKIKATLAGVAALFAVFAPSFVSAQESSTYTVKEGDTLSEIAETHNTTVEKLAENNHIDNIHLIYVDQELVIDGPVAPVATPAPATYAAPAAQDETVSAPVAETPVVSETVVSTVSGSEAEAKEWIAQKESGGSYTATNGRYIGRYGSWTAAKNFWLNNGWY
Q8DQN5,Streptococcus pneumoniae,0.8708114610542993,,extracellular space,sp|Q8DQN5|ZMPB_STRR6 Zinc metalloprotease ZmpB OS=Streptococcus pneumoniae (strain ATCC BAA-255 / R6) OX=171101 GN=zmpB PE=3 SV=1,MFKKDRFSIRKIKGVVGSVFLGSLLMAPSVVDAATYHYVNKEIISQEAKDLIQTGKPDRNEVVYGLVYQKDQLPQTGTEASVLTAFGLLTVGSLLLIYKRKKIASVFLVGTMGLVVLPSAGAVDPVATLALASREGVVEMEGYRYVGYLSGDILKTLGLDTVLEETSAKPGEVTVVEVETPQSTTNQEQARTENQVVETEEAPKEEAPKTEESPKEEPKSEVKPTDDTLPKVEEGKEDSAEPAPVEEVGGEVESKPEEKVAVKPESQPSDKPAEESKVEQAGEPVAPRKDEQAPVEPENQPEAPEEEKAVEETPKQEESTPDTKAEETVEPKEETKTAKGTQEEGKEGQAPVQEVNPEYKVTTGTVEKSTESELDFTTEVVPDDTKYVDEEVVERQGSKGVQVTKTTYETVEVVETDKVLSTTTEVKTPVVPKVVKKGTKPVETREEVIPFATKEQEDDTLKRGTRQVAQEGVNGKKQITETYKTIRGEKTNEAPTVEETVLQAPQDEIIKKGTKGLEKPTLQWANTEKDVLKKSATASYTLTKPAGVEIKSIKLALKDKDGQLVKEVTVAENNLNATLDKLKYYQGYTLSTTMVYDRGEGEETEKLEDKQIQLDLKKVEIKNIKETSLMNVDAEGNETDKSLLSEKPTDVSQLYLRVTTHDNKVTRLAVSSVEEVVVDGKTLYKVVAKAPDLVQRRADDTLSEEYVHYFEKQLPKVNNVYYNFNELVKDMQANPMGEFKLGADLNAVNVKPAGKAYVMAKFRGTLSSVENHQYTIHNLERPLFNEAEGATLKNFNLGNVNINMPWADKVAPIGNMFKKSTLENIKVVGSVTGNNDVTGAVNKLDEANMRNVAFIGKINSLGDKGWWSGGLVSESWRSNTDSVYFDGDIVGNNSKFGGLVAKVNHGSNQWDVKQKGRLTNSVVKGTMTLKNHGQSGGLVHENYDWGWVENNISMMKVNNGEIMYGSGSIDGDPYFGFDYFKNNYYVKDVATGESTYKRSKQIQSISQAEADAKIANMGITANTFAIQDPVVNKLNRIIDRDSEYKAIQDYQETRNLAYRNLEKLQPFYNKEWIVNQGNKLTDESNLVKKTVLSVTGMKSGQFVTDLSSVDKIMIHYADGTKEEFGVSAISDSRVKQVKEYNVDDLGVVYTPNMVDKNRDSLITKVKEKLSSVALDSAEVKSITNNPASLYLEESFAEVRETLDKLVKSLLENEDHQLNSDEVAEKALLKKVEDNKAKIILALTYLNRYYGIDYDGLNFKHLMMFKPDFYGKTPSILDFLIRIGSAEKNLKGDRSLEAYREVIGGTIGKGELNGLLGYNMRLFTKYTDLNDWFIHAAKNVYVSEPETTTEDFKDKRHRIYDGLNNDVHGRMILPLLNLKKAHIFVISTYNTIAFSSFEKYGKNTEEERNAYKAEIDRVAKAQQRYLDFWSRLALPKVRNQLLKSQNSVPTPVWDNQVYVGLGGANRMGYGDGGRVVTPVRELFGPTDRWHQINWNMGAMAKIYERPWKDDQVYFMVTNMMEPFGISAFTHETTHVNDRMAYYGGDWHREGTDLEAFAQGMLQTPDKSTTNGEYGALGINMAYERKNDGEQLYNYDPEKLDSREKIDSYMKNYNESMMMLDYLEASAVIRQNLSDNSKWFKKMDKEWRTNADRNRLIGEPHQWDKLRDLTEEEKKLPIDSIDKLVENNFVTLHGMPKNGRYRTEGFDSSYQPVNMMAGVFGGNTSKSTVGSISFKHNAFRMWGYYGYENGFIPYVSNKLKGAANKENKGLLGDDFIIKKVSKNQFQNLEEWKKHWYHEVYDKAQKGFVEIEVDGVKISTYAQLQSLFEEAVSKDLAGMDDKNIKNHYQYTENLKWKIYKQLLKNTDGFSSDLFTAPQA
Q8DRG2,Streptococcus pneumoniae,0.8697909351833646,,extracellular space,tr|Q8DRG2|Q8DRG2_STRR6 ABC transporter substrate-binding protein-amino acid transport OS=Streptococcus pneumoniae (strain ATCC BAA-255 / R6) OX=171101 GN=ABC-SBP PE=1 SV=1,MKKIVKYSSLAALGLVAAGVLAACSGGAKKEGEAASKKEIIVATNGSPRPFIYEENGELTGYEIEVVRAIFKDSDKYDVKFEKTEWSGVFAGLDADRYNMAVNNLSYTKERAEKYLYAAPIAQNPNVLVVKKDDSSIKSLDDIGGKSTEVVQATTSAKQLEAYNAEHTDNPTILNYTKADFQQIMVRLSDGQFDYKIFDKIGVETVIKNQGLDNLKVIELPSDQQPYVYPLLAQGQDELKSFVDKRIKELYKDGTLEKLSKQFFGDTYLPAEADIK
Q8DQP7,Streptococcus pneumoniae,0.8652567572638515,,extracellular space,tr|Q8DQP7|Q8DQP7_STRR6 Cell wall-associated serine proteinase PrtA OS=Streptococcus pneumoniae (strain ATCC BAA-255 / R6) OX=171101 GN=prtA PE=4 SV=1,MKKSTVLSLTTAAVILAAYAPNEVVLADTSSSEDALSISDKEKVVVDKETENKEKHKDIHNAIETSKDTEEKKTTIIEEKEVVSKNPVIDTKTSNEEAKIKEENSNQSQGDHTDSFVNKNTENPKKEDKVVYIAEFKDKESGEKAIKGLSNLKNTKVLYTYDRIFNGSAIETTPDNLDKIKQIEGISSIERAQKVQPMMNHARKEIGVEEAIDYLKSINAPFGKNFDGRGMVISNIDTGTDYRHKAMRIDDDAKASMRFKKEDLKGTDKNYWLSDKIPHAFNYYNGGKITVEKYDDGRDYFDPHGMHIAGILAGNDTEQDIKNFNGIDGIAPNAQIFSYKMYSDAGSGFAGDETMFHAIEDSIKHNVDVVSVSSGFTGTGLVGEKYWQAIRALRKAGIPMVVATGNYATSASSSSWDLVANNHLKMTDTGNVTRTAAHEDAIAVASAKNQTVEFDKVNIGGESFKYRNIGAFFDKNKITTNEDGTKAPSKLKFVYIGKGQDQDLIGLDLRGKIAVMDRIYTKDLKNAFKKAMDKGARAIMVVNTVNYYNRDNWTELPAMGYEADEGTKSQVFSISGDDGVKLWNMINPDKKTEVKRNNKEDFKDKLEQYYPIDMESFNSNKPNVGDEKEIDFKFAPDTDKELYKEDIIVPAGSTSWGPRIDLLLKPDVSAPGKNIKSTLNVINGKSTYGYMSGTSMATPIVAASTVLIRPKLKEMLERPVLKNLKGDDKIDLTSLTKIALQNTARPMMDATSWKEKSQYFASPRQQGAGLINVANALRNEVVATFKNTDSKGLVNSYGSISLKEIKGDKKYFTIKLHNTSNRPLTFKVSASAITTDSLTDRLKLDETYKDEKSPDGKQIVPEIHPEKVKGANITFEHGTFTIGANSSFDLNAVINVGEAKNKNKFVESFIHFESVEEMEALNSNGKKINFQPSLSMPLMGFAGNWNHEPILDKWAWEEGSRSKTLGGYDDDGKPKIPGTLNKGIGGEHGIDKFNPAGVIQNRKDKNTTSLDQNPELFAFNNQGINAPSSSGSKIANIYPLDSNGNPQDAQLERGLTPSPLVLRSAEEGLISIVNTNKEGENQRDLKVISREHFIRGILNSKSNDAKGIKSSKLKVWGDLKWDGLIYNPRGREENAPESKDNQDPATKIRGQFEPIAEGQYFYKFKYRLTKDYPWQVSYIPVKIDNTAPKIVSVDFSNPEKIKLITKDTYHKVKDQYKNETLFARDQKEHPEKFDEIANEVWYAGAALVNEDGEVEKNLEVTYAGEGQGRNRKLDKDGNTIYEIKGAGDLRGKIIEVIALDGSSNFTKIHRIKFADQADEKGMISYYLVDPDKDASKYEKLGEISEDKLKNAKSPEENTNNNQAKDEDSKPDEKSSVEGEASLEINKTISTIREFENKDLKKLIKKKFREVNDFTSETGKRIEEYDYKYDDKGNIIAYDDGSALQYETEKFDEIKSKIYGVLSPSKDGHFEILGKISNVSKNAKVYYGNSYKSIEIKATKYDSHSKTMIFDLYANINDIVDGLAFAGDMRLFVKDDNQIKAETKIRMPEKNKETKAEYPYVSSYGNVIELGEGDLSKNKPDNLTKMESGKIYSDSEKQQYLLKDNIILRKGYALKVTTYNPGKTDMLEGNGVYSKEDIAKIQKANPNLRVLSETTIYADSRNVEDGRSTQAVLMSALDGFNIIRYQVFTFKMNDKGEAIDKDGNLVTDSSKLVLFGKDDKEYTGEDKSNVEAIKEDGSMLFIDTKPVNLSMDKNYFNPSKSNKIYVRNPEFYLRGKISDKGGFNWELRVNESVVDNYLIYGDLHIDNTRDFNIKLNVKDGDIMDWGMKDYKANGFPDKVTDMDGNVYLQTGYSDLNAKAVGVHYQFLYDNVKPEVNIDPKGNTSIEYADGKSVVFNINDKRNNGFDGEIQEQHIYVNGKEYTSFDDIKQITDKTLNIKIVVKDFARNTTVKEFILNKDTGEVSELKPHRVTVTIQNGKEMSSTIVSEEDFILPVYKGELEKGYQFDGWEISGFEGKKDAGYVINLSKDTFIKPVFKKIEEKKEEENKPTFDVSKKKDNPQVNHSQLNESHRKEDLQREDHSQKSDSTKDVTATVLDKNNISSKSTTNNPNKLPKTGTASGAQTLLAAGIMFIVGIFLGLKKKNQD
Q8DNU8,Streptococcus pneumoniae,0.8648388802160043,,extracellular space,tr|Q8DNU8|Q8DNU8_STRR6 ABC transporter substrate-binding protein-sugar transport OS=Streptococcus pneumoniae (strain ATCC BAA-255 / R6) OX=171101 GN=ABC-SBP PE=4 SV=1,MKFRKLACTVLAGAAVLGLAACGNSGGSKDAAKSGGDGAKTEITWWAFPVFTQEKTGDGVGTYEKSIIEAFEKANPDIKVKLETIDFKSGPEKITTAIEAGTAPDVLFDAPGRIIQYGKNGKLAELNDLFTDEFVKDVNNENIVQASKAGDKAYMYPISSAPFYMAMNKKMLEDAGVANLVKEGWTTDDFEKVLKALKDKGYTPGSLFSSGQGGDQGTRAFISNLYSGSVTDEKVSKYTTDDPKFVKGLEKATSWIKDNLINNGSQFDGGADIQNFANGQTSYTILWAPAQNGIQAKLLEASKVEVVEVPFPSDEGKPALEYLVNGFAVFNNKDDKKVAASKKFIQFIADDKEWGPKDVVRTGAFPVRTSFGKLYEDKRMETISGWTQYYSPYYNTIDGFAEMRTLWFPMLQSVSNGDEKPADALKAFTEKANETIKKAMKQ
Q8DRG1,Streptococcus pneumoniae,0.8643399067077743,,extracellular space,tr|Q8DRG1|Q8DRG1_STRR6 Lipoprotein OS=Streptococcus pneumoniae (strain ATCC BAA-255 / R6) OX=171101 GN=ABC-SBP PE=3 SV=1,MKIKKWLGLAALATVAGLALAACGNSEKKADNATTIKIATVNRSGSEEKRWDKIQELVKKDGITLEFTEFTDYSQPNKATADGEVDLNAFQHYNFLNNWNKENGKDLVAIGDTYISPIRLYSGLNGSANKYTKVEDIPANGEIAVPNDATNESRALYLLQSAGLIKLDVSGTALATVANIKENPKNLKITELDASQTARSLSSVDAAVVNNTFVTEAKLDYKKALFKEQADENSKQWYNIIVAKKDWETSPKADAIKKVIAAYHTDDVKKVIEESSDGLDQPVW
Q8DRA6,Streptococcus pneumoniae,0.861007839057179,,extracellular space,"tr|Q8DRA6|Q8DRA6_STRR6 Alpha-dextrin endo-1,6-alpha-glucosidase OS=Streptococcus pneumoniae (strain ATCC BAA-255 / R6) OX=171101 GN=pulA PE=3 SV=1",MRKTPSHTEKKMVYSIRSLKNGTGSVLIGASLVLLAMATPTISSDESTPTTNEPNNRNTTTLAQPLTDTAADSGKNESDISSPRNANASLEKTEEKPATEPTTSTSPVTTETKAEEPIEDNYFRIHVKKLPEENKDAQGLWTWDDVEKPSENWPNGALSFKDAKKDDYGYYLDVKLKGEQAKKISFLINNTAGKNLTGDKSVEKLVPKMNEAWLDQDYKVFSYEPQPAGTVRVNYYRTDGNYDKKSLWYWGDVKNPSSAQWPDGTDFTATGKYGRYIDIPLNEAAREFGFLLLDESKQGDDVKIRKENYKFTDLKNHSQIFLKDDDESIYTNPYYVHDIRMTGAQHVGTSSIESSFSTLVGAKKEDILKHSNITNHLGNKVTITDVAIDEAGKKVTYSGDFSDTKHPYTVSYNSDQFTTKTSWHLKDETYSYDGKLGADLKEEGKQVDLTLWSPSADKVSVVVYDKNDPDKVVGTVALEKGERGTWKQTLDSTNKLGITDFTGYYYQYQIERQGKTVLALDPYAKSLAAWNSDDAKIDDAHKVAKAAFVDPAKLGPQDLTYGKIHNFKTREDAVIYEAHVRDFTSDPAIAKDLTKPFGTFEAFIEKLDYLKDLGVTHIQLLPVLSYYFVNELKNHERLSDYASSNSNYNWGYDPQNYFSLTGMYSSDPKNPEKRIAEFKNLINEIHKRGMGAILDVVYNHTAKVDIFEDLEPNYYHFMDADGTPRTSFGGGRLGTTHHMTKRLLVDSIKYLVDTYKVDGFRFDMMGDHDAASIEEAYKAARALNPNLIMLGEGWRTYAGDENMPTKAADQDWMKHTDTVAVFSDDIRNNLKSGYPNEGQPAFITGGKRDVNTIFKNLIAQPTNFEADSPGDVIQYIAAHDNLTLFDIIAQSIKKDPSKAENYAEIHRRLRLGNLMVLTAQGTPFIHSGQEYGRTKQFRDPAYKTPVAEDKVPNKSHLLRDKDGNPFDYPYFIHDSYDSSDAVNKFDWTKATDGKAYPENVKSRDYMKGLIALRQSTDAFRLKSLQDIKDRVHLITVPGQNGVEKEDVVIGYQITAPNGDIYAVFVNADEKAREFNLGTAFAHLRNAEVLADENQAGSVGIANPKGLEWTEKGLKLNALTATVLRVSQNGTSHESTAEEKPDSTPSKPEHQDPAPEARPDSTKPDAKVADAENKPSQATADSQAEQPAQEAQASSVKEAVQNESVENSSKKNIPATPDRQAELPNTGIKNENKLLFAGISLLALLGLGFLLKNKKEN
Q8DNN7,Streptococcus pneumoniae,0.8600784741329545,,extracellular space,tr|Q8DNN7|Q8DNN7_STRR6 ABC transporter substrate-binding protein-sugar transport OS=Streptococcus pneumoniae (strain ATCC BAA-255 / R6) OX=171101 GN=ABC-SBP PE=3 SV=1,MMRKGTMLSVVAGLSLAILAGCSGGTNSKQASSSNDIKVWVQFSDETNEGKAWQKVVDNFNQSGKSKYKVVTEYIPRSGSGGGYEDKVNAAITTNSLPDVITLDGPNTAAYAKSKVITPLDDYLKDNNMDDVLDSIKQQGTYNGKFYAFGFSESNVGVYYNKKMFKEAGIAESELPTLEKPWTWDEFNTIAKKLKDHYNKPTIDFRINSNDEMLPYAYMPLIWSNNGSVVNEDGTKAEGYFNSKESVEAVQFIQNLVKEGYTTVSPVEKGFETGEYPMLLSGSWTIADMNTNYKDIDFGILPYPVSSKTKKLVSPSGSWQLAVTTKSDKKEAASEFVKFATNTESSEIISLGNSVLPIRKSTIENIKDKVSEPMRFLMEQNSKTAHARPVVVAYPQVSRAFQQAMQDISYYEENPNVQKVLDTRTKEMQTAIDQSLK
Q8CWR4,Streptococcus pneumoniae,0.8589807574972327,,extracellular space,tr|Q8CWR4|Q8CWR4_STRR6 Histidine Motif-Containing protein OS=Streptococcus pneumoniae (strain ATCC BAA-255 / R6) OX=171101 GN=phpA PE=4 SV=1,MNQIYLRKEERMKINKKYLAGSVATLVLSVCAYELGLHQAQTVKENNRVSYIDGKQATQKTENLTPDEVSKREGINAEQIVIKITDQGYVTSHGDHYHYYNGKVPYDAIISEELLMKDPNYQLKDEDIISEIKGGYVIKVDGKYYVYLKDAAHADNVRTKEEINRQKQEHSQHREGGTPRNDGAVALARSQGRYTTDDGYIFNASDIIEDTGDAYIVPHGDHYHYIPKNELSASELAAAKAFLSGRGNLSNSRTYRRQNSDNTSRTNWVPSVSNPGTTNTNTSNNSNTNSQASQSNDIDSLLKQLYKLPLSQRHVESDGLIFDPAQITSRTANGVAVPHGDHYHFIPYSQLSPLEEKLARIIPLRYRSNHWVPDSRPEQPSPQSTPEPSPSPQPAPNPQPAPSNPIDEKLVKEAVRKVGDGYVFEENGVPRYIPAKDLSAETAAGIDSKLAKQESLSHKLGAKKTDLPSSDREFYNKAYDLLARIHQDLLDNKGRQVDFEALDNLLERLKDVSSDKVKLVDDILAFLAPIRHPERLGKPNAQITYTDDEIQVAKLAGKYTTEDGYIFDPRDITSDEGDAYVTPHMTHSHWIKKDSLSEAERAAAQAYAKEKGLTPPSTDHQDSGNTEAKGAEAIYNRVKAAKKVPLDRMPYNLQYTVEVKNGSLIIPHYDHYHNIKFEWFDEGLYEAPKGYSLEDLLATVKYYVEHPNERPHSDNGFGNASDHVQRNKNGQADTNQTEKPNEEKPQTEKPEEETPREEKPQSEKPESPKPTEEPEEESPEESPEESEEPQVETEKVKEKLREAEDLLGKIQNPIIKSNAKETLTGLKNNLLFGTQDNNTIMAEAEKLLALLKESK
Q8DQP4,Streptococcus pneumoniae,0.857162129545899,,extracellular space,tr|Q8DQP4|Q8DQP4_STRR6 Beta-galactosidase OS=Streptococcus pneumoniae (strain ATCC BAA-255 / R6) OX=171101 GN=bgaA PE=1 SV=1,MGKGHWNRKRVYSIRKFAVGACSVMIGTCAVLLGGNIAGESVVYADETLITHTAEKPKEEKMIVEEKADKALETKNVVERTEQSEPSSTEAIASEKKEDEAVTPKEEKVSAKPEEKAPRIESQASSQEKPLKEDAKAVTNEEVNQMIENRKVDFNQNWYFKLNANSKEAIKPDADVSTWKKLDLPYDWSIFNDFDHESPAQNEGGQLNGGEAWYRKTFKLDEKDLKKNVRLTFDGVYMDSQVYVNGQLVGHYPNGYNQFSYDITKYLYKDGRENVIAVHAVNKQPSSRWYSGSGIYRDVTLQVTDKVHVEKNGTTILTPKLEEQQHGKVETHVTSKIVNTDDKDHELVAEYQIVERGGHAVTGLVRTASRTLKAHESTSLDAILEVERPKLWTVLNDKPALYELITRVYRDGQLVDAKKDLFGYRYYHWTPNEGFSLNGERIKFHGVSLHHDHGALGAEENYKAEYRRLKQMKEMGVNSIRTTHNPASEQTLQIAAELGLLVQEEAFDTWYGGKKPYDYGRFFEKDATHPEARKGEKWSDFDLRTMVERGKNNPAIFMWSIGNEIGEANGDAHSLATVKRLVKVIKDVDKTRYVTMGADKFRFGNGSGGHEKIADELDAVGFNYSEDNYKALRAKHPKWLIYGSETSSATRTRGSYYRPERELKHSNGPERNYEQSDYGNDRVGWGKTATASWTFDRDNAGYAGQFIWTGTDYIGEPTPWHNQNQTPVKSSYFGIVDTAGIPKHDFYLYQSQWVSVKKKPMVHLLPHWNWENKELASKVADSEGKIPVRAYSNASSVELFLNGKSLGLKTFNKKQTSDGRTYQEGANANELYLEWKVAYQPGTLEAIARDESGKEIARDKITTAGKPAAVRLIKEDHAIAADGKDLTYIYYEIVDSQGNVVPTANNLVRFQLHGQGQLVGVDNGEQASRERYKAQADGSWIRKAFNGKGVAIVKSTEQAGKFTLTAHSDLLKSNQVTVFTGKKEGQEKTVLGTEVPKVQTIIGEAPEMPTTVPFVYSDGSRAERPVTWSLVDVSKPGIVTVKGMADGREVEARVEVIALKSELPVVKRIAPNTNLNSVDKSVSYVLTDGSVQEYEVDKWEIAEEDKAKLAIPGSRIQATGYLEGQPIHATLVVEEGNPAAPVVPTVTVGGEAVTGLTSRQPMQYRTLSYGAQLPEVTASAENADVTVLQASAANGMRASIFIQPKDGGPLQTYAIQFLEEAPKIAHLSLQVEKADSLKEDQTVKLSVRAHYQDGTQAVLPADKVTFSTSGEGEVAIRKGMLELHKPGAVTLNAEYEGAKGQVELTIQANTEKKIAQSIRPVNVVTDLHQEPSLPATVTVEYDKGFPKTHKVTWQAIPKEKLDSYQIFEVLGKVEGIDLEARAKVSVEGIVSVEEVSVTTPIAEAPQLPESVRTYDSNGHVSSAKVAWDAIRPEQYAKEGVFTVNGRLEGTQLTTKLHVRVSAQTEQGANISDQWTGSELPLAFASDSNPSDPVSNVNDKLISYNNQPANRWTNWNRSNPEASVGVLFGDSGILSKRSVDNLSVGFHEDHGVGAPKSYVIEYYVGKTVPTAPKNPSFVGNEDHVFNDSANWKPVTNLKAPAQLKAGEMNHFSFDKVETYAIRIRMVKADNKRGTSITEVQIFAKQVAAAKQGQTRIQVDGKDLANFNPDLTDYYLESVDGKVPAVTANVSNNGLATVVPSVREGEPVRVIAKAENGDILGEYRLHFTKDKNLLSHKPVAAVKQARLLQVGQALELPTKVPVYFTGKDGYETKDLTVEWEEVPAENLTKAGQFTVRGRVLGSNLVAEVTVRVTDKLGETLSDNPNYDENSNQAFASATNDIDKNSHDRVDYLNDGDHSENRRWTNWSPTPSSNPEVSAGVIFRENGKIVERTVAQAKLHFFADSGTDAPSKLVLERYVGPGFEVPTYYSNYQAYESGHPFNNPENWEAVPYRADKDIAAGDEINVTFKAVKAKVMRWRMERKADKSGVAMIEMTFLAPSELPQESTQSKILVDGKELADFAENRQDYQITYKGQRPKVSVEENNQVASTVVDSGEDSLPVLVRLVSESGKQVKEYRIQLTKEKPVSAVQEDLPKLEFVEKDLAYKTVEKKDSTLYLGETRVEQEGKVGKERIFTVINPDGSKEEKLREVVEVPTDRIVLVGTKPVAQEAKKPQVSEKADTKPIDSSEADQTNKAQLPNTGSAASQAAVAAGLALLGLSAGLVVTKGKKED
Q8DQ08,Streptococcus pneumoniae,0.8552822430200788,,extracellular space,tr|Q8DQ08|Q8DQ08_STRR6 Pneumococcal histidine triad protein D OS=Streptococcus pneumoniae (strain ATCC BAA-255 / R6) OX=171101 GN=phtD PE=1 SV=1,MKINKKYLAGSVAVLALSVCSYELGRHQAGQVKKESNRVSYIDGDQAGQKAENLTPDEVSKREGINAEQIVIKITDQGYVTSHGDHYHYYNGKVPYDAIISEELLMKDPNYQLKDSDIVNEIKGGYVIKVDGKYYVYLKDAAHADNIRTKEEIKRQKQERSHNHNSRADNAVAAARAQGRYTTDDGYIFNASDIIEDTGDAYIVPHGDHYHYIPKSDLSASELAAAQAYWNGKQGSRPSSSSSHNANPAQPRLSENHNLTVTPTYHQNQGENISSLLRELYAKPLSERHVESDGLIFDPAQITSRTANGVAVPHGDHYHFIPYSQLSPLEEKLARIIPLRYRSNHWVPDSRPEQPSPQSTPEPSPSPQPAPNPQPAPSNPIDEKLVKEAVRKVGDGYVFEENGVPRYIPAKDLSAETAAGIDSKLAKQESLSHKLGAKKTDLPSSDREFYNKAYDLLARIHQDLLDNKGRQVDFEALDNLLERLKDVSSDKVKLVDDILAFLAPIRHPERLGKPNAQITYTDDEIQVAKLAGKYTTEDGYIFDPRDITSDEGDAYVTPHMTHSHWIKKDSLSEAERAAAQAYAKEKGLTPPSTDHQDSGNTEAKGAEAIYNRVKAAKKVPLDRMPYNLQYTVEVKNGSLIIPHYDHYHNIKFEWFDEGLYEAPKGYSLEDLLATVKYYVEHPNERPHSDNGFGNASDHVQRNKNGQADTNQTEKPNEEKPQTEKPEEDKEHDEVSEPTHPESDEKENHVGLNPSADNLYKPSTDTEETEEEAEDTTDEAEIPQVEHSVINAKIAEAEALLEKVTDSSIRQNAVETLTGLKSSLLLGTKDNNTISAEVDSLLALLKESQPTPIQ
Q8DNH8,Streptococcus pneumoniae,0.8503131516482189,,extracellular space,tr|Q8DNH8|Q8DNH8_STRR6 ABC transporter substrate-binding protein-multiple sugars OS=Streptococcus pneumoniae (strain ATCC BAA-255 / R6) OX=171101 GN=msmE PE=3 SV=1,MEWYKKIGLLATTGLALFGLGACSNYGKSADGTVTIEYFNQKKEMTKTLEEITRDFEKENPKIKVKVVNVPNAGEVLKTRVLAGDVPDVVNIYPQSIELQEWAKAGVFEDLSNKDYLKRVKNGYAEKYAVNEKVYNVPFTANAYGIYYNKDKFEELGLKVPETWDEFEQLVKDIVAKGQTPFGIAGADAWTLNGYNQLAFATATGGGKEANQYLRYSQPNAIKLSDPIMKDDIKVMDILRINGSKQKNWEGAGYTDVIGAFARGDVLMTPNGSWAITAINEQKPNFKIGTFMIPGKEKGQSLTVGAGDLAWSISATTKHPKEANAFVEYMTRPEVMQKYYDVDGSPTAIEGVKQAGEDSPLAGMTEYAFTDRHLVWLQQYWTSEADFHTLTMNYVLTGDKEGMVNDLNAFFNPMKADVD
Q8DPF2,Streptococcus pneumoniae,0.8470866917166504,,extracellular space,tr|Q8DPF2|Q8DPF2_STRR6 ABC transporter substrate-binding protein-oligopeptide transport OS=Streptococcus pneumoniae (strain ATCC BAA-255 / R6) OX=171101 GN=appA PE=3 SV=1,MKKIVKLALTAAAVLIAVVGLVACSSGSKKSDFSESGKEKVFYLSGFLQGTGDRIPYVWQNGDGLVPYLLYRTLLMADSKYEKSTPDLAKDWKKSDDEKTYEFTLKDGLKWSDGEALTASDVEFSVKLALKASVINGIFPSTFTKIEGAKDFKDDKADKISGLTVDGNKVTFKLTAPVGDFEQMMTQFFILPKHKLESENPLELNNSSFWTAPVTSGMYKVKEISAGNFLEYDKNENYENEKPKFDKVVFNYISDPVLALQDGKSYFYSTNKPQEISQLDAVSTLSKKPIDILFYRYFIANLAGVEGNGDSLIANPKVREAILYAINRDELAKSVFSGIADVNNTGVPSSLEAHLKSANKFEYNPEKAKQLLKEAKYDNSRNLILAYYYKDQASQDFMQAVSYQLNEVGIKNEVVQITSDATTGLFKTRKYDLAYKGLSSFGYETWYGEYSSTNTNFKNITNGETSFDELSKKLSETSDVKERNKILASLQKLEQEKLLKLNLFTFKNFLYLNTEKVLIPDDVQFGNPFYKFDYKFEKWDAK
Q8DNM0,Streptococcus pneumoniae,0.8468881219861133,,extracellular space,tr|Q8DNM0|Q8DNM0_STRR6 Uncharacterized protein OS=Streptococcus pneumoniae (strain ATCC BAA-255 / R6) OX=171101 GN=ABC-SBP PE=4 SV=1,MKKMKVWSTVLATGVALTTLAACSGGSNSTTASSSEEKADKSQELVIYSNSVSNGRGDWLTAKAKEAGFNIKMVDIAGAQLADRVIAEKNNAVADMVFGIGAVDSNKIRDQKLLVQYKPKWLDKIDQSLSDKDNYYNPVIVQPLVLIGAPDVKEMPKDWTELGSKYKGKYSIYGLQGGTGRAILASILVRYLDEKGDLGVSEKGWEVAKEYFANAYTLQKGESSVVKALDKESPIQYGMIWGSGALIGQKEQNVEFKVMTPEIGVPFVTEQTMVLSTSKKQALAKEFIDWFGQSEIQVEYSKKFGSIPANKDALKELPEDTKKFVDQVKPQNIDWEAVGKHLDEWVEKAELEYVK
Q8CWN2,Streptococcus pneumoniae,0.8448857835124465,,extracellular space,sp|Q8CWN2|ADCA_STRR6 Zinc-binding lipoprotein AdcA OS=Streptococcus pneumoniae (strain ATCC BAA-255 / R6) OX=171101 GN=adcA PE=1 SV=1,MKKISLLLASLCALFLVACSNQKQADGKLNIVTTFYPVYEFTKQVAGDTANVELLIGAGTEPHEYEPSAKAVAKIQDADTFVYENENMETWVPKLLDTLDKKKVKTIKATGDMLLLPGGEEEEGDHDHGEEGHHHEFDPHVWLSPVRAIKLVEHIRDSLSADYPDKKETFEKNAAAYIEKLQSLDKAYAEGLSQAKQKSFVTQHAAFNYLALDYGLKQVAISGLSPDAEPSAARLAELTEYVKKNKIAYIYFEENASQALANTLSKEAGVKTDVLNPLESLTEEDTKAGENYISVMEKNLKALKQTTDQEGPAIEPEKAEDTKTVQNGYFEDAAVKDRTLSDYAGNWQSVYPFLEDGTFDQVFDYKAKLTGKMTQAEYKAYYTKGYQTDVTKINITDNTMEFVQGGQSKKYTYKYVGKKILTYKKGNRGVRFLFEATDADAGQFKYVQFSDHNIAPVKAEHFHIFFGGTSQETLFEEMDNWPTYYPDNLSGQEIAQEMLAH
Q8DMZ4,Streptococcus pneumoniae,0.8430922938400361,,extracellular space,tr|Q8DMZ4|Q8DMZ4_STRR6 Choline binding protein D OS=Streptococcus pneumoniae (strain ATCC BAA-255 / R6) OX=171101 GN=cbpD PE=4 SV=1,MKILPFIARGTSYYLKMSVKKLVPFLVVGLMLAAGDSVYAYSRGNGSIARGDDYPAYYKNGSQEIDQWRMYSRQCTSFVAFRLSNVNGFEIPAAYGNANEWGHRARREGYRVDNTPTIGSITWSTAGTYGHVAWVSNVMGDQIEIEEYNYGYTESYNKRVIKANTMTGFIHFKDLDSGSVGNSQSSASTGGTHYFKTKSAIKTEPLVSATVIDYYYPGEKVHYDQILEKDGYKWLSYTAYNGSYRYVQLEAVNKNPLGNSVLSSTGGTHYFKIKSAIKTEPLVSATVIDYYYPGEKVHYDQILEKDGYKWLSYTAYNGSRRYIQLEGVTSSQNYQNQSGNISSYGSNNSSTVGWKKINGSWYHFKSNGSKSTGWLKDGSSWYYLKLSGEMQTGWLKENGSWYYLGSSGAMKTGWYQVSGEWYYSYSSGALAINTTVDGYRVNSDGERV
Q8CZ16,Streptococcus pneumoniae,0.8422997350630045,,extracellular space,tr|Q8CZ16|Q8CZ16_STRR6 Excalibur domain-containing protein OS=Streptococcus pneumoniae (strain ATCC BAA-255 / R6) OX=171101 GN=spr0583 PE=4 SV=1,MNKRLFLKMSLVTLPILALFSQPVLAEENIHFSSCKEAWANGYSDIHEGEPGYSAKLDRDHDGVACELKNAPKGAFKAKQSTAIQINTSSATTSGWVKQDGAWYYFDGNGNLVKNAWQGSYYLKADGKMAQSEWIYDSSYQAWYYLKSDGSYAKNAWQGAYYLKSNGKMAQGEWVYDSSYQAWYYLKSDGSYARNAWQGNYYLKSDGKMAKGEWVYDATYQAWYYLTSDGSYAYSTWQGNYYLKSDGKMAVNEWVDGGRYYVGADGVWKEGQASTASSSNDSNSEYSAALGKAKSYNSLFHMSKKRMYRQLTSDFDKFSNDAAQYAIDH
Q8DQI1,Streptococcus pneumoniae,0.8376868540878133,,extracellular space,tr|Q8DQI1|Q8DQI1_STRR6 ABC transporter substrate-binding protein-branched chain amino acid transport OS=Streptococcus pneumoniae (strain ATCC BAA-255 / R6) OX=171101 GN=livJ PE=3 SV=1,MKKKFALSFVALASVALLAACGEVKSGAVNTAGNSVEEKTIKIGFNFEESGSLAAYGTAEQKGAQLAVDEINAAGGIDGKQIEVVDKDNKSETAEAASVTTNLVTQSKVSAVVGPATSGATAAAVANATKAGVPLISPSATQDGLTKGQDYLFIGTFQDSFQGKIISNYVSEKLNAKKVVLYTDNASDYAKGIAKSFRESYKGEIVADETFVAGDTDFQAALTKMKGKDFDAIVVPGYYNEAGKIVNQARGMGIDKPIVGGDGFNGEEFVQQATAEKASNIYFISGFSTTVEVSAKAKAFLDAYRAKYNEEPSTFAALAYDSVHLVANAAKGAKNSGEIKNNLAKTKDFEGVTGQTSFDADHNTVKTAYMMTMNNGKVEAAEVVKP
Q8DN64,Streptococcus pneumoniae,0.836594071123608,,extracellular space,sp|Q8DN64|PSTS2_STRR6 Phosphate-binding protein PstS 2 OS=Streptococcus pneumoniae (strain ATCC BAA-255 / R6) OX=171101 GN=pstS2 PE=3 SV=2,MKFKKMLTLAAIGLSGFGLVACGNQSAASKQSASGTIEVISRENGSGTRGAFTEITGILKKDGDKKIDNTAKTAVIQNSTEGVLSAVQGNANAIGYISLGSLTKSVKALEIDGVKASRDTVLDGEYPLQRPFNIVWSSNLSKLGQDFISFIHSKQGQQVVTDNKFIEAKTETTEYTSQHLSGKLSVVGSTSVSSLMEKLAEAYKKENPEVTIDITSNGSSAGITAVKEKTADIGMVSRELTPEEGKSLTHDAIALDGIAVVVNNDNKASQVSMAELADVFSGKLTTWDKIK
Q8DP50,Streptococcus pneumoniae,0.8288861408063256,,extracellular space,tr|Q8DP50|Q8DP50_STRR6 ABC transporter substrate-binding protein-glutamine transport OS=Streptococcus pneumoniae (strain ATCC BAA-255 / R6) OX=171101 GN=glnH PE=4 SV=1,MKKWMLVLVSLMTALFLVACGKNSSETSGDNWSKYQSNKSITIGFDSTFVPMGFAQKDGSYAGFDIDLATAVFEKYGITVNWQPIDWDLKEAELTKGTIDLIWNGYSATDERREKVAFSNSYMKNEQVLVTKKSSGITTAKDMTGKTLGAQAGSSGYADFEANPEILKNIVANKEANQYQTFNEALIDLKNDRIDGLLIDRVYANYYLEAEGVLNDYNVFTVGLETEAFAVGARKEDTNLVKKINEAFSSLYKDGKFQEISQKWFGEDVATKEVKEGQ
Q8DNU2,Streptococcus pneumoniae,0.817358382105006,,extracellular space,tr|Q8DNU2|Q8DNU2_STRR6 ABC transporter substrate-binding protein-sugar transport OS=Streptococcus pneumoniae (strain ATCC BAA-255 / R6) OX=171101 GN=ABC-SBP PE=4 SV=1,MKKMRKFLCLAGIALAAVALVACSGKKEATTSTEPPTELSGEITMWHSFTQGPRLESIQKSADAFMQKHPKTKIKIETFSWNDFYTKWTTGLANGNVPDISTALPNQVMEMVNSDALVPLNDSIKRIGQDKFNETALNEAKIGDDYYSVPLYSHAQVMWVRTDLLKEHNIEVPKTWDQLYEASKKLKEAGVYGLSVPFGTNDLMATRFLNFYVRSGGGSLLTKDLKADLTSQLAQDGIKYWVKLYKEISPQDSLNFNVLQQATLFYQGKTAFDFNSGFHIGGINANSPQLIDSIDAYPIPKIKESDKDQGIETSNIPMVVWKNSKHPEVAKAFLEALYNEEDYVKFLDSTPVGMLPTIKGISDSAAYKENETRKKFKHAEEVITEAVKKGTAIGYENGPSVQAGMLTNQHIIEQMFQDIITNGTDPMKAAKEAEKQLNDLFEAVQ
Q8CWT0,Streptococcus pneumoniae,0.815574310464265,,extracellular space,tr|Q8CWT0|Q8CWT0_STRR6 ABC transporter substrate-binding protein-glutamine transport/Major cell binding factor OS=Streptococcus pneumoniae (strain ATCC BAA-255 / R6) OX=171101 GN=ABC-SBP PE=4 SV=1,MNGDSMKKFSLLLAILPFLVACGNQATPKETSAQKTIVLATAGDVPPFDYEDKGNLTGFDIEVLKAVDEKLSDYEIQFQRTAWESIFPGLDSGHYQAAANNLSYTKERAEKYLYSLPISNNPLVLVSNKKNPLTSLDQIAGKTTQEDTGTSNAQFINNWNQKHTDNPATINFSGEDIGKRILDLANGEFDFLVFDKVSVQKIIKDRGLDLSVVDLPSADSPSNYIIFSSDQKEFKEQFDKALKELYQDGTLEKLSNTYLGGSYLPDQSQLQ
P0A4G3,Streptococcus pneumoniae,0.8121849940551432,,extracellular space,sp|P0A4G3|MTSA_STRR6 Manganese ABC transporter substrate-binding lipoprotein OS=Streptococcus pneumoniae (strain ATCC BAA-255 / R6) OX=171101 GN=psaA PE=3 SV=1,MKKLGTLLVLFLSAIILVACASGKKDTTSGQKLKVVATNSIIADITKNIAGDKIDLHSIVPIGQDPHEYEPLPEDVKKTSEADLIFYNGINLETGGNAWFTKLVENAKKTENKDYFAVSDGVDVIYLEGQNEKGKEDPHAWLNLENGIIFAKNIAKQLSAKDPNNKEFYEKNLKEYTDKLDKLDKESKDKFNKIPAEKKLIVTSEGAFKYFSKAYGVPSAYIWEINTEEEGTPEQIKTLVEKLRQTKVPSLFVESSVDDRPMKTVSQDTNIPIYAQIFTDSIAEQGKEGDSYYSMMKYNLDKIAEGLAK
Q8DP15,Streptococcus pneumoniae,0.8118091404380463,,extracellular space,tr|Q8DP15|Q8DP15_STRR6 Uncharacterized protein OS=Streptococcus pneumoniae (strain ATCC BAA-255 / R6) OX=171101 GN=spr1418 PE=4 SV=1,MKKNSLYIISSLFFACVLFVYATATNFQNSTSARQVKTETYTNTVTNVPIDIRYNSDKYFISGFASEVSVVLTGANRLSLASEMQESTRKFKVTADLTDAGVGTIEVPLSIEDLPNGLTAVATPQKITVKIGKKAQKDKVKIVPEIDPSQIDSRVQIENVMVSDKEVSITSDQETLDRIDKIIAVLPTSERITGNYSGSVPLQAIDRNGVVLPAVITPFDTIMKVTTKPVAPSSSTSNSSTSSSSETSSSTKATSSKTN
Q8DRI6,Streptococcus pneumoniae,0.8110789435167682,,extracellular space,tr|Q8DRI6|Q8DRI6_STRR6 ABC transporter solute-binding protein-amino acid transport OS=Streptococcus pneumoniae (strain ATCC BAA-255 / R6) OX=171101 GN=ABC-SBP PE=4 SV=1,MKKVLMTMFGLVMLPLLFACSNNQSAGIEAIKSKGKLVVALNPDFAPFEYQKVVDGKNQIVGSDIELAKAIATELGVELELSPMSFDNVLASVQSGKADLAISGVSKTDERSKVFDFSTPYYTAKNKLIVKKSDLATYQSVNDLAQKKVGAQKGSIQETMAKDLLQNSSLVSLPKNGNLITDLKSGQVDAVIFEEPVAKGFVENNPDLAIADLNFEKEQDDSYAVAMKKDSKELKEAVDKTIQKLKESGELDKLIEDAFKASIEK
Q8DMZ7,Streptococcus pneumoniae,0.8096195756226691,,extracellular space,tr|Q8DMZ7|Q8DMZ7_STRR6 NMT1 domain-containing protein OS=Streptococcus pneumoniae (strain ATCC BAA-255 / R6) OX=171101 GN=spr2003 PE=4 SV=1,MKKTWKVFLTLVTALVAVVLVACGQGTASKDNKEAELKKVDFILDWTPNTNHTGLYVAKEKGYFKEAGVDVDLKLPPEESSSDLVINGKAPFAVYFQDYMAKKLEKGAGITAVAAIVEHNTSGIISRKSDNVSSPKDLVGKKYGTWNDPTELAMLKTLVESQGGDFEKVEKVPNNDSNSITPIANGVFDTAWIYYGWDGILAKSQGVDANFMYLKDYVKEFDYYSPVIIANNDYLKDNKEEARKVIQAIKKGYQYAMEHPEEAADILIKNAPELKEKRDFVIESQKYLSKEYASDKEKWGQFDAARWNAFYKWDKENGILKEDLTDKGFTNEFVK
Q8DNJ2,Streptococcus pneumoniae,0.8064967671053621,,extracellular space,tr|Q8DNJ2|Q8DNJ2_STRR6 ABC transporter substrate-binding protein-ferric iron transport OS=Streptococcus pneumoniae (strain ATCC BAA-255 / R6) OX=171101 GN=fatB PE=4 SV=1,MKTSLKLYFTALVASFLLLLGACSTNSSTSQTETSSSAPTEITIKSSLDEVKLSKVPEKIVTFDLGAADTIRALGFEKNIVGMPTKTVPTYLKDLVGTVKNVGSMKEPDLEAIAALEPDLIIASPRTQKFVDKFKEIAPTVLFQASKDDYWTSTKANIESLASAFGETSTQKAKEELAKLDKSIQEVATKNESSDKKALAILLNEGKMAAFGAKSRFSFLYQTLKFKPTDTKFEDSRHGQEVSFESVKEINPDILFVINRTLAIGGDNSSNDGVLENALIAETPAAKNGKIIQLTPDLWYLSGGGLESTKLMIEDIQKALK
Q8CWT1,Streptococcus pneumoniae,0.8046652470517877,,extracellular space,tr|Q8CWT1|Q8CWT1_STRR6 ABC transporter substrate-binding protein-glutamine transport/Major cell binding factor OS=Streptococcus pneumoniae (strain ATCC BAA-255 / R6) OX=171101 GN=glnH PE=3 SV=1,MKKKFFLSALLISLFGLAAAKPVQADTSIADIQKRGELVVGVKQDVPNFGYKDPKTGTYSGIETDLAKMVADELKVKIRYVPVTAQTRGPLLDNEQVDMDIATFTITDERKKLYNFTSPYYTDASGFLVNKSAKIKKIEDLNGKTIGVAQGSITQRLITELGKKKGLKFKFVELGSYPELITSLHAHRIDTFSVDRSILSGYTSKRTALLDDSFKPSDYGIVTKKSNTELNDYLDNLVTKWSKDGSLQKLYDRYKLKPSSHTAD
Q8DPB7,Streptococcus pneumoniae,0.8028911450824661,,extracellular space,tr|Q8DPB7|Q8DPB7_STRR6 ABC transporter substrate-binding protein-glutamine-binding protein OS=Streptococcus pneumoniae (strain ATCC BAA-255 / R6) OX=171101 GN=glnH PE=4 SV=1,MKSKKWIFVLCNFLASFFLVACQSGSNGSQSAVEAIKQKGKLVVATSPDYAPFEFQSLVDGKNQVVGADIDMAQAIADELGVKLEISSMSFDNVLTSLQTGKADLAVAGISATDERKEVFDFSIPYYENKISFLVRKADVEKYKDLTSLESANIAAQKGTVPESMVKEQLPKAQLTSLTNMGEAVNELQAGKVDAVHMDEPVALSYAAKNAGLAVATVSLKMKDGDANAVALRKNSDDLKEVVDKVIQKLKNEGTYQSYLEKAASLTEVEE
Q8DQQ1,Streptococcus pneumoniae,0.802701740346156,,extracellular space,tr|Q8DQQ1|Q8DQQ1_STRR6 VanY domain-containing protein OS=Streptococcus pneumoniae (strain ATCC BAA-255 / R6) OX=171101 GN=spr0554 PE=1 SV=1,MKKRYLVLTALLALSLAACSQEKTKNEDGETKTEQTAKADGTVGSKSQGAAQKKAEVVNKGDYYSIQGKYDEIIVANKHYPLSKDYNPGENPTAKAELVKLIKAMQEAGFPISDHYSGFRSYETQTKLYQDYVNQDGKEAADRYSARPGYSEHQTGLAFDVIGTDGDLVTEEKAAQWLLDHAADYGFVVRYLKGKEKETGYMAEEWHLRYVGKEAKEIAESGLSLEEYYGFEGGDYVD
Q8CZ90,Streptococcus pneumoniae,0.8018526561881851,,extracellular space,tr|Q8CZ90|Q8CZ90_STRR6 Uncharacterized protein OS=Streptococcus pneumoniae (strain ATCC BAA-255 / R6) OX=171101 GN=spr0174 PE=4 SV=1,MKKIVLVSLAFLFVLVGCGQKKETGPATKTEKDTLQSALPVIENAEKNTVVTKTLVLPESDDGSQQTQTITYKDKTFLSLTIQQKRPVSDELKTYIDQHGVEETQKALLEAEEKDKSIIEARKLAGFKLETKLLSATELQTTTSFDFQVLDVKKASQLEHLKNIGLENLLKNEPSKYISDRLANGATEQ
Q8DQ62,Streptococcus pneumoniae,0.7938872997284957,,extracellular space,tr|Q8DQ62|Q8DQ62_STRR6 Teichoic acid phosphorylcholine esterase/choline binding protein E (CbpE) OS=Streptococcus pneumoniae (strain ATCC BAA-255 / R6) OX=171101 GN=lytD PE=1 SV=1,MKKKLTSLALVGAFLGLSWYGNVQAQESSGNKIHFINVQEGGSDAIILESNGHFAMVDTGEDYDFPDGSDSRYPWREGIETSYKHVLTDRVFRRLKELSVQKLDFILVTHTHSDHIGNVDELLSTYPVDRVYLKKYSDSRITNSERLWDNLYGYDKVLQTATETGVSVIQNITQGDAHFQFGDMDIQLYNYENETDSSGELKKIWDDNSNSLISVVKVNGKKIYLGGDLDNVHGAEDKYGPLIGKVDLMKFNHHHDTNKSNTKDFIKNLSPSLIVQTSDSLPWKNGVDSEYVNWLKERGIERINAASKDYDATVFDIRKDGFVNISTSYKPIPSFQAGWHKSAYGNWWYQAPDSTGEYAVGWNEIEGEWYYFNQTGILLQNQWKKWNNHWFYLTDSGASAKNWKKIDGIWYYFNKENQMEIGWVQDKEQWYYLDVDGSMKTGWLQYMGQWYYFAPSGEMKMGWVKDKETWYYMDSTGVMKTGEIEVAGQHYYLEDSGAMKQGWHKKANDWYFYKTDGSRAVGWIKDKDKWYFLKENGQLLVNGKTPEGYTVDSSGAWLVDVSIEKSATIKTTSHSEIKESKEVVKKDLENKETSQHESVTNFSTSQDLTSSTSQSSETSVNKSESEQ
Q8DN38,Streptococcus pneumoniae,0.7933172801107922,,extracellular space,tr|Q8DN38|Q8DN38_STRR6 Choline-binding protein OS=Streptococcus pneumoniae (strain ATCC BAA-255 / R6) OX=171101 GN=pcpA PE=4 SV=1,MKKTTILSLTTAAVILAAYVPNEPILAAYVPNEPILADTPSSEVIKETKVGSIIQQNNIKYKVLTVEGNIGTVQVGNGVTPVEFEAGQDGKPFTIPTKITVGDKVFTVTEVASQAFSYYPDETGRIVYYPSSITIPSSIKKIQKKGFHGSKAKTIIFDKGSQLEKIEDRAFDFSELEEIELPASLEYIGTSAFSFSQKLKKLTFSSSSKLELISHEAFANLSNLEKLTLPKSVKTLGSNLFRLTTSLKHVDVEEGNESFASVDGVLFSKDKTQLIYYPSQKNDESYKTPKETKELASYSFNKNSYLKKLELNEGLEKIGTFAFADAIKLEEISLPNSLETIERLAFYGNLELKELILPDNVKNFGKHVMNGLPKFLTLSGNNINSLPSFFLSGVLDSLKEIHIKNKSTEFSVKKDTFAIPETVKFYVTSEHIKDVLKSNLSTSNDIIVEKVDNIKQETDVAKPKKNSNQGVVGWVKDKGLWYYLNESGSMATGWVKDKGLWYYLNESGSMATGWVKDKGLWYYLNESGSMATGWVKDKGLWYYLNESGSMATGWVKDKGLWYYLNESGSMATGWVKDKGLWYYLNESGSMATGWVKDKGLWYYLNESGSMATGWVKDKGLWYYLNESGSMATGWVKDKGLWYYLNESGSMATGWVKVSGKWYYTYNSGDLLVNTTTPDGYRVNANGEWVG
Q8DQ10,Streptococcus pneumoniae,0.7919741190777613,,extracellular space,tr|Q8DQ10|Q8DQ10_STRR6 Thioredoxin domain-containing protein OS=Streptococcus pneumoniae (strain ATCC BAA-255 / R6) OX=171101 GN=spr0904 PE=4 SV=1,MNKGGQMKKVMFAGLSLLSLVVLMACGEEETKKTQAAQQPKQQTTVQQISVGKDVPDFTLQSMDGKEVKLSDFKGKKVYLKFWASWCGPCKKSMPELMELAAKPDRDFEILTVIAPGIQGEKTVEQFPQWFQEQGYKDIPVLYDTKATTFQAYQIRSIPTEYLIDSQGKIGKIQFGAISNADAEAAFKEMN
Q8CWU3,Streptococcus pneumoniae,0.7873617536290135,,extracellular space,tr|Q8CWU3|Q8CWU3_STRR6 Hyaluronate lyase (Hyaluronidase/hyase) OS=Streptococcus pneumoniae (strain ATCC BAA-255 / R6) OX=171101 GN=hysA PE=1 SV=1,MILQYVYWSVYMQTKTKKLIVSLSSLVLSGFLLNHYMTVGAEETTTNTIQQSQKEVQYQQRDTKNLVENGDFGQTEDGSSPWTGSKAQGWSAWVDQKNSSADASTRVIEAKDGAITISSPEKLRAAVHRMVPIEAKKKYKLRFKIKTDNKVGIAKVRIIEESGKDKRLWNSATTSGTKDWQTIEADYSPTLDVDKIKLELFYETGTGTVSFKDIELVEVADQPSEDSQTDKQLEEKIDLPIGKKHVFSLADYTYKVENPDVASVKNGILEPLKEGTTNVIVSKDGKEVKKIPLKILASVKDTYTDRLDDWNGIIAGNQYYDSKNEQMAKLNQELEGKVADSLSSISSQADRIYLWEKFSNYKTSANLTATYRKLEEMAKQVTNPSSRYYQDETVVRTVRDSMEWMHKHVYNSEKSIVGNWWDYEIGTPRAINNTLSLMKEYFSDEEIKKYTDVIEKFVPDPEHFRKTTDNPFKALGGNLVDMGRVKVIAGLLRKDDQEISSTIRSIEQVFKLVDQGEGFYQDGSYIDHTNVAYTGAYGNVLIDGLSQLLPVIQKTKNPIDKDKMQTMYHWIDKSFAPLLVNGELMDMSRGRSISRANSEGHVAAVEVLRGIHRIADMSEGETKQRLQSLVKTIVQSDSYYDVFKNLKTYKDISLMQSLLSDAGVASVPRTSYLSAFNKMDKTAMYNAEKGFGFGLSLFSSRTLNYEHMNKENKRGWYTSDGMFYLYNGDLSHYSDGYWPTVNPYKMPGTTETDAKRADSDTGKVLPSAFVGTSKLDDANATATMDFTNWNQTLTAHKSWFMLKDKIAFLGSNIQNTSTDTAATTIDQRKLESSNPYKVYVNDKEASLTEQEKDYPETQSVFLESSDSKKNIGYFFFKKSSISMSKALQKGAWKDINEGQSDKEVENEFLTISQAHKQNGDSYGYMLIPNVDRATFNQMIKELESSLIENNETLQSVYDAKQGVWGIVKYDDSVSTISNQFQVLKRGVYTIRKEGDEYKIAYYNPETQESAPDQEVFKKLEQAAQPQVQNSKEKEKSEEEKNHSDQKNLPQTGEGQSILASLGFLLLGAFYLFRRGKNN
Q8DPK5,Streptococcus pneumoniae,0.7750006622769062,,extracellular space,tr|Q8DPK5|Q8DPK5_STRR6 ABC transporter membrane spanning permease-glutamine transport OS=Streptococcus pneumoniae (strain ATCC BAA-255 / R6) OX=171101 GN=glnP PE=3 SV=1,MKKKFLAFLLILFPIFSLGIAKAETIKIVSDTAYAPFEFKDSDQTYKGIDVDIINKVAEIKGWNIQMSYPGFDAAVNAVQAGQADAIMAGMTKTKEREKVFTMSDTYYDTKVVIATTKSHKISKYDQLTGKTVGVKNGTAAQRFLETIKDKYGFTIKTFDTGDLMNNSLSAGAIDAMMDDKPVIEYAINQGQDLHIEMDGEAVGSFAFGVKKGSKYEHLVTEFNQALSEMKKDGSLDKIIKKWTASSSSAVPTTTTLAGLKAIPVKAKYIIASDSSFAPFVFQNSSNQYTGIDMELIKAIAKDQGFEIEITNPGFDAAISAVQAGQADGIIAGMSVTDARKATFDFSESYYTANTILGVKESSNIASYEDLKGKTVGVKNGTASQTFLTENQSKYGYKIKTFADGSSMDDSLNTGAIDAVMDDEPVLKYSISQGQKLKTPISGTPIGETAFAVKKGANPELIEMFNNGLANLKANGEFQKILDKYLASESSTASTSTVDETTLWGLLQNNYKQLLSGLGITLALALISFAIAIVIGIIFGMFSVSPYKSLRVISEIFVDVIRGIPLMILAAFIFWGIPNFIESITGQQSPINDFVAGTIALSLNAAAYIAEIVRGGIQAVPVGQMEASRSLGISYGKTMRKIILPQVTKLMLPNFVNQFVIALKDTTIVSAIGLVELFQTGKIIIARNYQSFKMYAILAIFYLVIITLLTRLAKRLEKRIR
Q8DQN9,Streptococcus pneumoniae,0.7705853649992608,,extracellular space,tr|Q8DQN9|Q8DQN9_STRR6 Thioredoxin domain-containing protein OS=Streptococcus pneumoniae (strain ATCC BAA-255 / R6) OX=171101 GN=spr0576 PE=4 SV=1,MNKMERNINMKKWQTCVLGAGSLLCLTACSGKSVTSEHQTKDEMKTEQTASKTSAAKGKEVADFELMGVDGKTYRLSDYKGKKVYLKFWASWCSICLASLPDTDEIAKEAGDDYVVLTVVSPGHKGEQSEADFKNWYKGLDYKNLPVLVDPSGKLLETYGVRSYPTQAFIDKEGKLVKTHPGFMEKDAILQTLKELS
Q8DP07,Streptococcus pneumoniae,0.7641268472107524,,extracellular space,"tr|Q8DP07|Q8DP07_STRR6 1,4-beta-N-acetylmuramidase OS=Streptococcus pneumoniae (strain ATCC BAA-255 / R6) OX=171101 GN=lytC PE=1 SV=1",MSVTFFIGEERLKIKIGLASICLLGLATSHVAANETEVAKTSQDTTTASSSSEQNQSSNKTQTSAEVQTNAAAYWDGDYYVKDDGSKAQSEWIFDNYYKAWFYINSDGRYSQNEWHGNYYLKSGGYMAQNEWIYDSNYKSWFYLKSDGAYAHQEWQLIGNKWYYFKKWGYMAKSQWQGSYFLNGQGAMIQNEWLYDPAYSAYFYLKSDGTYANQEWQKVGGKWYYFKKWGYMARNEWQGNYYLTGSGAMATDEVIMDGARYIFAASGELKEKKDLNVGWVHRDGKRYFFNNREEQVGTEHAKKIIDISEHNGRINDWKKVIDENKVDGVIVRLGYSGKEDKELAHNIKELNRLGIPYGVYLYTYAENETDAENDAKQTIELIKKYNMNLSYPIYYDVENWEYVNKSKRAPSDTDTWVKIINKYMDTMKQAGYQNVYVYSYRSLLQTRLKHPDILKHVNWVAAYTNALEWENPYYSGEKGWQYTSSEYMKGIQGRVDVSVWY
Q8DQG5,Streptococcus pneumoniae,0.7607434165963867,,extracellular space,tr|Q8DQG5|Q8DQG5_STRR6 Peptidyl-prolyl cis-trans isomerase OS=Streptococcus pneumoniae (strain ATCC BAA-255 / R6) OX=171101 GN=ppiA PE=3 SV=1,MKKLATLLLLSTVALAGCSSVQRSLRGDDYVDSSLAAEESSKVAAQSAKELNDALTNENANFPQLSKEVAEDEAEVILHTSQGDIRIKLFPKLAPLAVENFLTHAKEGYYNGITFHRVIDGFMVQTGDPKGDGTGGQSIWHDKDKTKDKGTGFKNEITPYLYNIRGALAMANTGQPNTNGSQFFINQNSTDTSSKLPTSKYPQKIIEAYKEGGNPSLDGKHPVFGQVIGGMDVVDKIAKAEKDEKDKPTTAITIDSIEVVKDYDFKS
Q8CYX1,Streptococcus pneumoniae,0.7586483200419131,,extracellular space,tr|Q8CYX1|Q8CYX1_STRR6 Uncharacterized protein OS=Streptococcus pneumoniae (strain ATCC BAA-255 / R6) OX=171101 GN=spr0799 PE=4 SV=1,MKKSRKLATLGICSALFLGLAACQQQHATSEGTNQRQSSSAKVPWKASYTNLNNQVSTEEVKSLLSAHLDPNSVDAFFNLVNDYNTIVGSTGLSGDFTSFTHTEYDVEKISHLWNQKKGDFVGTNCRINSYCLLKNSVTIPKLEKNDQLLFLDNDAIDKGKVFDSQDKEEFDILFSRVPTEATTDVKVHAEKMETFFSQFQFNEKARMLSVVLHDNLDGEYLFVGHVGVLVPADDGFLFVEKLTFEEPYQAIKFASKEDCYKYLGTKYADYTGEGLAKPFIMDNDKWVKL
Q8DPY6,Streptococcus pneumoniae,0.7546172092569583,,extracellular space,tr|Q8DPY6|Q8DPY6_STRR6 ABC transporter substrate-binding protein-iron transport OS=Streptococcus pneumoniae (strain ATCC BAA-255 / R6) OX=171101 GN=ABC-SBP PE=1 SV=1,MKNKFFLIAILAMCIVFSACSSNSVKNEENTSKEHAPDKIVLDHAFGQTILDKKPERVATIAWGNHDVALALGIVPVGFSKANYGVSADKGVLPWTEEKIKELNGKANLFDDLDGLNFEAISNSKPDVILAGYSGITKEDYDTLSKIAPVAAYKSKPWQTLWRDMIKIDSKALGMEKEGDELIKNTEARISKELEKHPEIKGKIKGKKVLFTMINAADTSKFWIYTSKDPRANYLTDLGLVFPESLKEFESEDSFAKEISAEEANKINDADVIITYGDDKTLEALQKDPLLGKINAIKNGAVAVIPDNTPLAASCTPTPLSINYTIEEYLNLLGNACKNAK
Q8CYF3,Streptococcus pneumoniae,0.7533043097292932,,extracellular space,tr|Q8CYF3|Q8CYF3_STRR6 Uncharacterized protein OS=Streptococcus pneumoniae (strain ATCC BAA-255 / R6) OX=171101 GN=spr1549 PE=4 SV=1,MKIKKLLKMVIPVLMISAVGTTFVEANQIGAFSNFVITTSYKRTGYLTKENEGAEYIMNLNPCRNLHPMTVKHRIVNSNGEARSGESLTTCGTRSTHGNWATVGYVYAADMARQNWWDLSAAISGSWSPN
Q8CWP8,Streptococcus pneumoniae,0.7457003784895696,,extracellular space,tr|Q8CWP8|Q8CWP8_STRR6 Sialidase B (Neuraminidase B) OS=Streptococcus pneumoniae (strain ATCC BAA-255 / R6) OX=171101 GN=nanB PE=3 SV=1,MNKRGLYSKLGISVVGISLLMGVPALIHANELNYGQLSISPIFQGGSYQLNNKSIDISPLLLDKLSGDSQTVVMKFKADKPNSLQALFGLSNSKAGFKNNYFSIFMRDSGEIGVEIRDAQKGINYLFSRPASLWGKHKGQAVENTLVFVSDSKDKTYTMYVNGIEVFSETVDTFLPISNINGIDKATLGAVNREGKEHYLAKGSIDEISLFNKAISDQEVSTIPLSNPFQLIFQSGDSTQANYFRIPTLYTLSSGRVLSSIDARYGGTHDSKSKINIATSYSDDNGKTWSEPIFAMKFNDYEEQLVYWPRDNKLKNSQISGSASFIDSSIVEDKKSGKTILLADVMPAGIGNNNANKADSGFKEINGHYYLKLKKNGDNDFRYTVRENGVVYDETTNKPTNYTINDKYEVLEGGKSLTVEQYSVDFDSGSLRERHNGKQVPMNVFYKDSLFKVTPTNYIAMTTSQNRGESWEQFKLLPPFLGEKHNGTYLCPGQGLALKSSNRLIFATYTSGELTYLISDDSGQTWKKSSASIPFENATAEAQMVELRDGVIRTFFRTTTGKIAYMTSRDSGETWSEVSYIDGIQQTSYGTQVSAIKYSQLIDGKEAVILSTPNSRSGRKGGQLVVGLVNKEDDSIDWKYHYDIDLPSYGYAYSAITELPNHHIGVLFEKYDSWSRNELHLSNVVQYIDLEINDLTK
Q8DQ09,Streptococcus pneumoniae,0.7308672627918574,,extracellular space,tr|Q8DQ09|Q8DQ09_STRR6 Lipoprotein OS=Streptococcus pneumoniae (strain ATCC BAA-255 / R6) OX=171101 GN=lmb PE=1 SV=1,MVKELFMKKQNLFLVLLSVFLLCLGACGQKESQTGKGMKIVTSFYPIYAMVKEVSGDLNDVRMIQSSSGIHSFEPSANDIAAIYDADVFVYHSHTLESWAGSLDPNLKKSKVKVLEASEGMTLERVPGLEDVEAGDGVDEKTLYDPHTWLDPEKAGEEAQIIADKLSEVDSEHKETYQKNAQAFIKKAQELTKKFQPKFEKATQKTFVTQHTAFSYLAKRFGLNQLGIAGISPEQEPSPRQLTEIQEFVKTYKVKTIFTESNASSKVAETLVKSTGVGLKTLNPLESDPQNDKTYLENLEENMSILAEELK
P59206,Streptococcus pneumoniae,0.7251553082027374,True,extracellular space,sp|P59206|LYTB_STRR6 Putative endo-beta-N-acetylglucosaminidase OS=Streptococcus pneumoniae (strain ATCC BAA-255 / R6) OX=171101 GN=lytB PE=1 SV=1,MKKVRFIFLALLFFLASPEGAMASDGTWQGKQYLKEDGSQAANEWVFDTHYQSWFYIKADANYAENEWLKQGDDYFYLKSGGYMAKSEWVEDKGAFYYLDQDGKMKRNAWVGTSYVGATGAKVIEDWVYDSQYDAWFYIKADGQHAEKEWLQIKGKDYYFKSGGYLLTSQWINQAYVNASGAKVQQGWLFDKQYQSWFYIKENGNYADKEWIFENGHYYYLKSGGYMAANEWIWDKESWFYLKFDGKIAEKEWVYDSHSQAWYYFKSGGYMAANEWIWDKESWFYLKFDGKMAEKEWVYDSHSQAWYYFKSGGYMTANEWIWDKESWFYLKSDGKIAEKEWVYDSHSQAWYYFKSGGYMTANEWIWDKESWFYLKSDGKMAEKEWVYDSHSQAWYYFKSGGYMAKNETVDGYQLGSDGKWLGGKATNKNAAYYQVVPVTANVYDSDGEKLSYISQGSVVWLDKDRKSDDKRLAITISGLSGYMKTEDLQALDASKDFIPYYESDGHRFYHYVAQNASIPVASHLSDMEVGKKYYSADGLHFDGFKLENPFLFKDLTEATNYSAEELDKVFSLLNINNSLLENKGATFKEAEEHYHINALYLLAHSALESNWGRSKIAKDKNNFFGITAYDTTPYLSAKTFDDVDKGILGATKWIKENYIDRGRTFLGNKASGMNVEYASDPYWGEKIASVMMKINEKLGGKD
Q8CYP5,Streptococcus pneumoniae,0.7191684091643673,,extracellular space,tr|Q8CYP5|Q8CYP5_STRR6 Uncharacterized protein OS=Streptococcus pneumoniae (strain ATCC BAA-255 / R6) OX=171101 GN=spr1178 PE=4 SV=1,MVRNYWKAKSWLLVLALSFLILSPAGAQESLSFFFVKITDASKTVKNGGQTETQKLVTKMASDFERVENKDSEVGKIVKEKLALSGDITEAKLTEISSALLAFEKEQNPVDLDAEKEKLVNRLSPRFETLEQAIASKDLEKVREAFKKMNSTWTINESVVRDNSTAHYGRVETAISFLPSSMETEPTDESGT
Q8DPB1,Streptococcus pneumoniae,0.7172155656215335,,extracellular space,sp|Q8DPB1|PSTS1_STRR6 Phosphate-binding protein PstS 1 OS=Streptococcus pneumoniae (strain ATCC BAA-255 / R6) OX=171101 GN=pstS1 PE=1 SV=1,MKKRKKLALSLIAFWLTACLVGCASWIDRGESITAVGSTALQPLVEVAADEFGTIHVGKTVNVQGGGSGTGLSQVQSGAVDIGNSDVFAEEKDGIDASALVDHKVAVAGLALIVNKEVDVDNLTTEQLRQIFIGEVTNWKEVGGKDLPISVINRAAGSGSRATFDTVIMEGQSAMQSQEQDSNGAVKSIVSKSPGAISYLSLTYIDDSVKSMKLNGYDLSPENISSNNWPLWSYEHMYTLGQPNELAAEFLNFVLSDETQEGIVKGLKYIPIKEMKVEKDAAGTVTVLEGRQ
Q8CZ06,Streptococcus pneumoniae,0.7132394274032424,,extracellular space,tr|Q8CZ06|Q8CZ06_STRR6 Uncharacterized protein OS=Streptococcus pneumoniae (strain ATCC BAA-255 / R6) OX=171101 GN=spr0615 PE=4 SV=1,MKRRKIYSLFCVVTIASSLFLPTVLARQIGDYDLTLPRWGSDTTSELEKENASAGINNNDSTGGGKTLNTSIRSAYSGSDITPVYSLGSGSRIVMYYNGGGDNYIGSGTRLAMAPQFGNHVRIHTSGSWSPDSY
Q8DR52,Streptococcus pneumoniae,0.7022050574450035,,extracellular space,tr|Q8DR52|Q8DR52_STRR6 Choline-binding protein F OS=Streptococcus pneumoniae (strain ATCC BAA-255 / R6) OX=171101 GN=cbpF PE=1 SV=1,MKLLKKMMQVLLAVFFFGLLATNTVFANTTGGRFVDKDNRKYYVKDDHKAIYWHKIDGKTYYFGDIGEMVVGWQYLEIPGTGYRDNLFDNQPVNEIGLQEKWYYFGQDGALLEQTDKQVLEAKTSENTGKVYGEQYPLSAEKRTYYFDNNYAVKTGWIYEDGNWYYLNKLGNFGDDSYNPLPIGEVAKGWTQDFHVTIDIDRSKPAPWYYLDASGKMLTDWQKVNGKWYYFGSSGSMATGWKYVRGKWYYLDNKNGDMKTGWQYLGNKWYYLRSSGAMVTGWYQDGLTWYYLNAGNGDMKTGWFQVNGKWYYAYSSGALAVNTTVDGYSVNYNGEWVQ
Q8DQL2,Streptococcus pneumoniae,0.6977094474035043,,extracellular space,tr|Q8DQL2|Q8DQL2_STRR6 Uncharacterized protein OS=Streptococcus pneumoniae (strain ATCC BAA-255 / R6) OX=171101 GN=spr0621 PE=4 SV=1,MKLFKPLLTVLALAFALIFITACSSGGNAGSSSGKTTAKARTIDEIKKSGELRIAVFGDKKPFGYVDNDGSYQGYATILN
Q8CZ69,Streptococcus pneumoniae,0.6895091853833722,,extracellular space,tr|Q8CZ69|Q8CZ69_STRR6 Uncharacterized protein OS=Streptococcus pneumoniae (strain ATCC BAA-255 / R6) OX=171101 GN=spr0311 PE=4 SV=1,MNIKKRVLSAGLTFASALLLAACGQSGSDTKTYSSTFSGNPTTFNYLLDYYADNIVN
Q8CY75,Streptococcus pneumoniae,0.6838385395685048,,extracellular space,tr|Q8CY75|Q8CY75_STRR6 Uncharacterized protein OS=Streptococcus pneumoniae (strain ATCC BAA-255 / R6) OX=171101 GN=spr1915 PE=4 SV=1,MNKLMKFISVFLTSIVLIVSAIPSVSAVYASEQVSQIETNMELQPVTSLTEEQINTLANEIQSFHPDVSQQWIKEVINRQLQGDYTIPPTYSPFRAAWQGITVNQMGALLDTAIALALGGTTAGLANLIKVKGKHVAKSAIRSAISRYLGSWFVNDVALESAMNLLSPGTYLAQLWDKNDAIPNNGRINF
Q8DQ07,Streptococcus pneumoniae,0.6782180639687292,,extracellular space,tr|Q8DQ07|Q8DQ07_STRR6 Pneumococcal histidine triad protein E OS=Streptococcus pneumoniae (strain ATCC BAA-255 / R6) OX=171101 GN=phtE PE=4 SV=1,MKFSKKYIAAGSAVIVSLSLCAYALNQHRSQENKDNNRVSYVDGSQSSQKSENLTPDQVSQKEGIQAEQIVIKITDQGYVTSHGDHYHYYNGKVPYDALFSEELLMKDPNYQLKDADIVNEVKGGYIIKVDGKYYVYLKDAAHADNVRTKDEINRQKQEHVKDNEKVNSNVAVARSQGRYTTNDGYVFNPADIIEDTGNAYIVPHGGHYHYIPKSDLSASELAAAKAHLAGKNMQPSQLSYSSTASDNNTQSVAKGSTSKPANKSENLQSLLKELYDSPSAQRYSESDGLVFDPAKIISRTPNGVAIPHGDHYHFIPYSKLSALEEKIARRVPISGTGSTVSTNAKPNEVVSSLGSLSSNPSSLTTSKELSSASDGYIFNPKDIVEETATAYIVRHGDHFHYIPKSNQIGQPTLPNNSLATPSPSLPINPGISHEKHEEDGYGFDANRIIAEDESGFIMSHGNHNHYFFKKDLTEEQIKAAQKHLEEVKTSHNGLDSLSSHEQDYPGNAKEMKDLDKKIEEKIAGIMKQYGVKRESIVVNKEKNAIIYPHGDHHHADPIDEHKPVGIGHSHSNYELFKPEEGVAKKEGNKVYTGEELTNVVNLLKNSTFNNQNFTLANGQKRVSFSFPPELEKKLGINMLVKLITPDGKVLEKVSGKVFGEGVGNIANFELDQPYLPGQTFKYTIASKDYPEVSYDGTFTVPTSLAYKMASQTIFYPFHAGDTYLRVNPQFAVPKGTDALVRVFDEFHGNAYLENNYKVGEIKLPIPKLNQGTTRTAGNKIPVTFMANAYLDNQSTYIVEVPILEKENQTDKPSILPQFKRNKAQENSKLDEKVEEPKTSEKVEKEKLSETGNSTSNSTLEEVPTVDPVQEKVAKFAESYGMKLENVLFNMDGTIELYLPSGEVIKKNMADFTGEAPQGNGENKPSENGKVSTGTVENQPTENKPADSLPEAPNEKPVKPENSTDNGMLNPEGNVGSDPMLDPALEEAPAVDPVQEKLEKFTASYGLGLDSVIFNMDGTIELRLPSGEVIKKNLSDLIA
Q8DQ99,Streptococcus pneumoniae,0.6736022696056777,,extracellular space,tr|Q8DQ99|Q8DQ99_STRR6 Serine-type D-Ala-D-Ala carboxypeptidase OS=Streptococcus pneumoniae (strain ATCC BAA-255 / R6) OX=171101 GN=dacA PE=1 SV=1,MKKIFLTLLTVSLLGGVSTAVAQDFTIAAKHAIAVEANTGKILYEKDATQPVEIASITKLITVYLVYEALENGSITLSTPVDISDYPYQLTTNSEASNIPMEARNYTVEELLEATLVSSANSAAIALAEKIAGSEKDFVDMMRAKLLEWGIQDATVVNTTGLNNETLGDNIYPGSKKDEENKLSAYDVAIVARNLIKKYPQVLEITKKPSSTFAGMTITSTNYMLEGMPAYRGGFDGLKTGTTDKAGESFVGTTVEKGMRVITVVLNADHQDNNPYARFTATSSLMDYISSTFTLRKIVQQGDAYQDSKAPVQDGKEDTVIAVAPEDIYLIERVGNQSSQSVQFTPDSKAIPAPLEAGTVVGHLTYEDKDLIGQGYITTERPSFEMVADKKIEKAFFLKVWWNQFVRFVNEKL
Q8DPA5,Streptococcus pneumoniae,0.6716857618150426,,extracellular space,tr|Q8DPA5|Q8DPA5_STRR6 Uncharacterized protein OS=Streptococcus pneumoniae (strain ATCC BAA-255 / R6) OX=171101 GN=spr1267 PE=4 SV=1,MGKLSSILLGTVSGAALALFLTSDKGKQVCSQAQDFLDDLREDPEYAKEQVCEKLTEVKEQATDFVLKTKEQVESGEITVDSILAQAKSYAFQATEASKNQLNNLKEQWQEKAEALDDSEEIVIHITEE
Q8DNF3,Streptococcus pneumoniae,0.671092631996872,,extracellular space,tr|Q8DNF3|Q8DNF3_STRR6 Subtilisin-like serine protease OS=Streptococcus pneumoniae (strain ATCC BAA-255 / R6) OX=171101 GN=nisP PE=4 SV=1,MKIMKKKYWTLAILFFCLFNNSVTAQEIPKNLDGNITHTQTSESFSESDEKQVDYSNKNQEEVDQNKFRIQIDKTELFVTTDKHLEKNCCKLELEPQINNDIVNSESNNLLGEDNLDNKIKENVSHLDNRGGNIEHDKDNLESSIVRKYEWDIDKVTGGGESYKLYSKSNSKVSIAILDSGVDLQNTGLLKNLSNHSKNYVPNKGYLGKEEGEEGIISDIQDRLGHGTAVVAQIVGDDNINGVNPHVNINVYRIFGKSSASPDWIVKAIFDAVDDGNDIINLSTGQYLMIDGEYEDGTNDFETFLKYKKAIDYANQKGVIIVAALGNDSLNVSNQSDLLKLISSRKKVRKPGLVVDVPSYFSSTISVGGIDRLGNLSDFSNKGDSDAIYAPAGSTLSLSELGLNNFINAEKYKEDWIFSATLGGYTYLYGNSFAAPKVSGAIAMIIDKYKLKDQPYNYMFVKKILEETLPVKNGIKVLNIPNVLRYDLNMLQLEYKNEQSWDSFIDNVNLIELEERIQTTIGIKQINTHNIITIAREGYSQNYLPNTSENTYNSLQVSLVGVLLLFISMVNILWAKKSK
Q8DR39,Streptococcus pneumoniae,0.6611664476316628,,extracellular space,tr|Q8DR39|Q8DR39_STRR6 Choline-binding protein OS=Streptococcus pneumoniae (strain ATCC BAA-255 / R6) OX=171101 GN=pcpC PE=4 SV=1,MKLLKKMMQVALATFFFGLLGTSTVFADDSEGWQFVQENGRTYYKKGALKETYWRVIDGKYYYFDPLSGEMVVGWQYIPAPHKGVTIGPSPRIEIALRPDWFYFGQDGVLQEFVGKQVLEAKTATNTNKHHGEEYDSQAEKRVYYFEDQRSYHTLKTGWIYEEGYWYYLQKDGGFDSRINRLTVGELARGWVKDYPLTYDEEKLKAAPWYYLDPATGWQNLGNKWYYLRSSGAMATGWYQEGSTWYYLNASNGDMKTGWFQVNGNWYYAYDSGALAVNTTVGGYYLNYNGEWVK
Q7CRB9,Streptococcus pneumoniae,0.607034892498329,,extracellular space,tr|Q7CRB9|Q7CRB9_STRR6 Uncharacterized protein OS=Streptococcus pneumoniae (strain ATCC BAA-255 / R6) OX=171101 GN=spr0348 PE=4 SV=1,MKKTVYKKLGISIIASTLLASQLSTVSALSVISSTGEEYEVSETLEKGPESNDSSLSEISPTYG
Q8CZ15,Streptococcus pneumoniae,0.5204844124147685,,extracellular space,tr|Q8CZ15|Q8CZ15_STRR6 Uncharacterized protein OS=Streptococcus pneumoniae (strain ATCC BAA-255 / R6) OX=171101 GN=spr0586 PE=4 SV=1,MAKGFAKGLVTGVAGTVAAVAGAVYAFKKKVIEPEEQKAAFIEENRKKAARRRVSR
P67283,Streptococcus pneumoniae,0.4212111943934177,,extracellular space,sp|P67283|RNY_STRR6 Ribonuclease Y OS=Streptococcus pneumoniae (strain ATCC BAA-255 / R6) OX=171101 GN=rny PE=3 SV=1,MSLAIAVFAVIIGLVIGYVSISAKMKSSQEAAELMLLNAEQEATNLRGQAEREADLLVNEAKRESKSLKKEALLEAKEEARKYREEVDAEFKSERQELKQIESRLTERATSLDRKDDNLTSKEQTLEQKEQSISDRAKNLDAREEQLEEVERQKEAELERIGALSQAEARDIILAQTEENLTREIASRIREAEQEVKERSDKMAKDILVQAMQRIAGEYVAESTNSTVHLPDDTMKGRIIGREGRNIRTFESLTGVDVIIDDTPEVVTLSGFDPIRREIARMTMEMLLKDGRIHPARIEELVEKNRQEIDNKIREYGEAAAYEIGAPNLHPDLMKIMGRLQFRTSYGQNVLRHSIEVAKLAGIMASELGENAALARRAGFLHDIGKAIDHEVEGSHVEIGMELARKYKEPPVVVNTIASHHGDVEAESVIAVIVAAADALSAARPGARSESLESYIKRLHDLEEIANGFEGVQTSFALQAGREIRIMVNPGKIKDDKVTILAHKVRKKIENNLDYPGNIKVTVIRELRAVDYAK
Q8DR87,Streptococcus pneumoniae,0.4180133012538736,,extracellular space,tr|Q8DR87|Q8DR87_STRR6 Phosphotransferase system sugar-specific EII component OS=Streptococcus pneumoniae (strain ATCC BAA-255 / R6) OX=171101 GN=PTS-EII PE=4 SV=1,MDLRKGENIMAKALIICAAGMSSSLMAQKTTEFLKGKGKDIVVDAISATEGGKAIAAAAFDLYLVSPQTKMYFKQFEEAGSKAGKPVVQIPPQAYIPIPMGIEKMANLILENI
Q8DP00,Streptococcus pneumoniae,0.41782193356938957,,extracellular space,tr|Q8DP00|Q8DP00_STRR6 Oxidoreductase (Mercury (II) reductase) OS=Streptococcus pneumoniae (strain ATCC BAA-255 / R6) OX=171101 GN=merA PE=3 SV=1,MLTYDLIVIGFGKAGKTLAGKLASAGKKVALVERSKAMYGGTCINIGCIPTKTLLVAAEKDLSFEEVIATKNTITGRLNGKNYTTVAGTGVDIFDAEAHFLSNKVIEIQAGDEKQELTAETIVINTGAVSNVLPIPGLATSKNVFDSTGIQSLDKLPEKLGVLGGGNIGLEFAGLYNKLGSKVTVLDTLDTFLPRAEPSIAALAKQYLEEDGIELLQNIHTTEIKNDGDQVLVVTEDETYRFDALLYATGRKPNVEPLQLENTDIELTERGAIKVDKHCQTNVPGVFAVGDVNGGLQFTYISLDDFRVVYSYLAGDGSYTLEDRLNVPNTMFITPALSQVGLTESQAADLKLPYAVKEIPVAAMPRGHVNGDLRGAFKAVVNTETKEILGASIFSEGSQEIINIITVAMDNKIPYTYFTKQIFTHPTLAENLNDLFAI
Q8DNG8,Streptococcus pneumoniae,0.41722379997865433,,extracellular space,tr|Q8DNG8|Q8DNG8_STRR6 ABC transporter domain-containing protein OS=Streptococcus pneumoniae (strain ATCC BAA-255 / R6) OX=171101 GN=spr1734 PE=4 SV=1,MGFLLMGALFIVLPRTMVSAKRINQVLDLHSSIQNPVQVQLTDENFKGQVEFKDVTFRYAANSEAVIEHVSFKAETGQTVAFIGSTGSGKSTLVNLIPRFYDVSAGEILVDGVNVQDYDFSATAHAGQKVAIVGPTGAGKTTIVNLLMKFYEIDKGSIRIDGVDTKAMTRSEVHDAFSMVLQDTWLFEGTIRDNLIYNQIGISDERMMEASKAVGIHHFIMTLPDGYDTILDDTVTLSVGQKQLLTIACALLKDASLLILDEATSSVDTRTEELIQKAMDRLMEGRTSFVIAHRLSTIRNADLILVMKDGNIIEQGNYEELMAQGGFYADLYNSQFTEDEAEE
Q8DRC1,Streptococcus pneumoniae,0.3530561120032386,,extracellular space,tr|Q8DRC1|Q8DRC1_STRR6 Phosphotransferase system sugar-specific EIIB component OS=Streptococcus pneumoniae (strain ATCC BAA-255 / R6) OX=171101 GN=PTS-EIIB PE=4 SV=1,MVKIGLFCAAGFSTGMLVNNMKIAAQASGVEAEIEAFSQSKLADYAPNIDVALLGPQVAYTLDKSKEICDKCDVPIAVIPMMDYGMLDGKKVLDLALSLISG
Q8DNL2,Streptococcus pneumoniae,0.3302452933157786,,extracellular space,tr|Q8DNL2|Q8DNL2_STRR6 Uncharacterized protein OS=Streptococcus pneumoniae (strain ATCC BAA-255 / R6) OX=171101 GN=spr1658 PE=3 SV=1,MTLNYIEILIKLVLTLKWLNNNVHFVKRLIDGKPTLLIKNGNIDPEACRSVGLSASDVALKLRSQGIFQMKQVKRAVQEQNGQLIVVQMGDENPKYPVVTDGVIQVDVLESIGRSEEWLLDNLSKQGHDNVANIFIAEYDKGAVTVVTYEKEKPGVLYSSKISSNRVNVALPYVGY
Q8CYB9,Streptococcus pneumoniae,0.270888500345906,,extracellular space,tr|Q8CYB9|Q8CYB9_STRR6 Uncharacterized protein OS=Streptococcus pneumoniae (strain ATCC BAA-255 / R6) OX=171101 GN=spr1728 PE=4 SV=1,MNGMKAKKMWMAGLALLGIGSLALATKKVADDRKLMKTQEELTEIVRDHFSDMGEIATLYVQVYESSLESLVGGVIFEDGRHYTFVYENEDLVYEEEVL
Q8DPE1,Streptococcus pneumoniae,0.25406492852908885,,extracellular space,tr|Q8DPE1|Q8DPE1_STRR6 Homoserine dehydrogenase OS=Streptococcus pneumoniae (strain ATCC BAA-255 / R6) OX=171101 GN=hom PE=3 SV=1,MAILENFEEIKMTVKIALLGFGTVASGVPFLLKENGGKINQSAHSDIKVAKVLVKDEDEKNRLLAAGNDFNFVTNVDDILSDQDITIVVELMGRIEPAKTFITRALEAGKHVVTANKDLLAVHGAELLEIAQANKVALYYEAAVAGGIPILRTLANSLASDKITRVLGVVNGTSNFMVTKMVEEGWSYDDALAEAQRLGFAESDPTNDVDGIDAAYKMVILSQFAFGMKIAFDDVAHKGIRNITPEDVAVAQELGYVVKLVGSIEETSSGIAAEVTPTFLPKAHPLASVNGVMNAVFVESIGIGESMYYGPGAGQKPTATSVVADIVRIVRRLNDGTIGKDFNEYSRDLVLANPEDVKANYYFSILALDSKGQVLKLAEIFNAQDISFKQILQDGKEGDKARVVIITHKINKAQLENVSAELKKVSEFDLLNTFKVLGE
Q8DQ75,Streptococcus pneumoniae,0.2419551106678717,,extracellular space,tr|Q8DQ75|Q8DQ75_STRR6 Uncharacterized protein OS=Streptococcus pneumoniae (strain ATCC BAA-255 / R6) OX=171101 GN=spr0814 PE=4 SV=1,MVIGVASATSNIWIIFLSGFAAILAGAFSMAGGEYVSVSTPKDTEEAAVSREKLLLDQDRELAKKSLYASYIQNGEFKTSAQLLTNKIFLKNPLKALVEEKYGIEYEEFTNPWHAAISSFVAFFLRSLPPMLSVTIFPSDYRIPATVLIVGVALLLTGYTSARLGKAPTKTAMIRNLAIGLLTMGVTFLLGQLFSI
Q8DNX5,Streptococcus pneumoniae,0.2415971198118638,,extracellular space,tr|Q8DNX5|Q8DNX5_STRR6 Uncharacterized protein OS=Streptococcus pneumoniae (strain ATCC BAA-255 / R6) OX=171101 GN=spr1477 PE=4 SV=1,MQIPSRFTIATHMLIIIALEGKESKVTSDFLAASVGVNPVIIRKILSQLKKAELISVARGTGGTEIVKDLKDISLLDVYQAVECLGKTGQLFSFHDNPNPNCPVGAHIHDVLDQKLERIQLTMEAELGQTSLEKVVADAESQMKD
Q8DR79,Streptococcus pneumoniae,0.23257238237516656,,extracellular space,tr|Q8DR79|Q8DR79_STRR6 5-keto-D-gluconate 5-reductase OS=Streptococcus pneumoniae (strain ATCC BAA-255 / R6) OX=171101 GN=gno PE=4 SV=1,MTNTSFSIEQFSLKGKIALITGASYGIGFAIAKSYAEAGATIVFNDINQDLVNKGIEAYREVGIEAHGYVCDVTDEDGIQAMVKQIEQEVGVIDILVNNAGIIRRVPMCEMSAADFRKVIDIDLNAPFIVSKAVIPSMIKKGHGKIINICSMMSELGRETVSAYAAAKGGLKMLTRNIASEYGGANIQCNGIGPGYIATPQTAPLRELQEDGSRHPFDQFIIAKTPAARWGNPEDLMGPAVFLASDASNFVNGHILYVDGGILAYIGKQPE
Q8DNA9,Streptococcus pneumoniae,0.21913170229295018,,extracellular space,tr|Q8DNA9|Q8DNA9_STRR6 Beta-glucosidase OS=Streptococcus pneumoniae (strain ATCC BAA-255 / R6) OX=171101 GN=bgl2 PE=3 SV=1,MLYFMYRIIERRLSMKKKLVFPNLFWWGAASSGPQTEGQYGKVHENVMDYWFKTHPEDFFDNVGPLVASNFFHTYTEDFHLMKEIGVNSFRTSIQWSRLIKNLETGEPDPKGIAFYNAIIEEAKKNQMDLVMNLHHFDLPVELLQKYGGWESKHVVELFVKFAKTAFTCFGDKVHYWTTFNEPMVIPEAGYLYAFHYPNLKGKGKEAVQVIYNLNLASAKVIQLYRSLELDGKIGIILNLTPAYPRSNSPEDLEASRFTDDFFNKVFLNPAVKGTFPERLVKQLERDGVLWSHTEKELQLMKSNTVDFLGVNYYHPKRVQAQANPEEYQTPWMPDQYFKEYEWPERRMNPYRGWEIFPKAIYDIAMIVKEEYGNIPWFISENGMGVENEARFIDENGVIDDVYRIEFYEEHLRWLHKAIEEGSHCFGYHAWTAFDCWSWNNAYKNRYGFISVDLETQKRTIKSSGRWYRKVSDNNGFEVEIEE
Q8CYB6,Streptococcus pneumoniae,0.202107167522382,,extracellular space,tr|Q8CYB6|Q8CYB6_STRR6 Uncharacterized protein OS=Streptococcus pneumoniae (strain ATCC BAA-255 / R6) OX=171101 GN=spr1733 PE=4 SV=1,MSQKLYNMKFAAVYLALIAKVERKGGKAESVHQVTSWLTGYEVSDVLACLDRDVTYGDFFRQAPYYVPERIAITGKICGVRIEEIDDPLMQEIRRLDKLVDWLAKGKTSQQVLEKYEKHK
Q8DRG5,Streptococcus pneumoniae,0.19182817418809953,,extracellular space,tr|Q8DRG5|Q8DRG5_STRR6 UDP-glucose 6-dehydrogenase OS=Streptococcus pneumoniae (strain ATCC BAA-255 / R6) OX=171101 GN=ugd PE=3 SV=1,MNIAVIGLGHVGLAYALLFASKYKVVAYDIDSVKINNLKKGILPSKNEELMKFFCENNLNITFFDTFSEIKNNIDYYIIALPTDYDEKIGSFNTYEIEQTVSKILRVKPNGKIILKSTVPIGFSNKLKRLFDTKNIIFVPEFLREGCSIYDNLYPSRIVVGDETVEGRKIAELFLSISTHSTANIKNVMLVSPTEAEAIKLFSNTFLALRVAFFNELDSFAERRSLNAEVVIKGVCLDPRIGNFYNNPSFGFGGYCLPKDTKQLKKEFIEINAPVIEAIDISNTNRKQFIVKQILERKPKIVGIYKLGMKYNSDNYKESAILSIINELLIVGIKILVYEPNLNVSIDNVIFEKNFELFTKQSDLIVANRWDRGLEAYKDKVYTRGIWIRD
Q8CZE9,Streptococcus pneumoniae,0.15634732508230942,,extracellular space,tr|Q8CZE9|Q8CZE9_STRR6 Biotin carboxylase OS=Streptococcus pneumoniae (strain ATCC BAA-255 / R6) OX=171101 GN=accC PE=4 SV=1,MFRKILIANRGEIAVRIIRAARELGIATVAVYSTADKEALHTLLADEAVCIGPGKATESYLNINAVLSAAVLTEAEAIHPGFGFLSENSKFATMCEEVGIKFIGPSGHVMDMMGDKINARAQMIKAGVPVIPGSDGEVHNSEEALIVAEKIGYPVMLKASAGGGGKGIRKVEKPDDLVSAFETASSEAKANYGNGAMYIERVIYPARHIEVQILGDEHGHVIHLGERDCSLQRNNQKVLEESPSIAIGKTLRHEIGAAAVRAAEFVGYENAGTIEFLLDEASRNFYFMEMNTRVQVEHPVTEFVSGVDIVKEQICIAAGQPLSVKQEDIVLRGHAIECRINAENPAFNFAPSPGKITNLYLPSGGVGLRVDSAVYPGYTIPPYYDSMIAKIIVHGENRFDALMKMQRALYELEIEGVQTNADFQLDLISDRNVIAGDYDTSFLMETFLPKYQEKE
